Time (UTC),Time (Local),End Time (UTC),Type,Notes,Photo Link,Is Strenuous Exercise
2021-12-13T16:54:55.086Z,2021-12-13 10:54:55,,food,"6 eggs, butter toast, almond butter toast",https://levels.imgix.net/food-log/1wv4x6ht9ky4xr7ca3lq3e.jpg,False
2021-12-02T18:44:10.276Z,2021-12-02 12:44:10,,food,Garbage salad,https://levels.imgix.net/food-log/aqc1e5uy1nkqgryilb1wx.jpg,False
2021-12-01T01:02:43.882Z,2021-11-30 19:02:43,,food,More salad and almond butter toast,https://levels.imgix.net/food-log/02k6h6nsurumobejpm3o7t.jpg,False
2021-12-01T00:30:13.136Z,2021-11-30 18:30:13,,food,Kale orzo salad,https://levels.imgix.net/food-log/4yr2tdtzax60eq409ft3s.jpg,False
2021-11-30T21:01:51.071Z,2021-11-30 15:01:51,,food,Lasagna,https://levels.imgix.net/food-log/6lrsg05c2z7bwpvxoa4spa.jpg,False
2021-11-30T20:49:06.145Z,2021-11-30 14:49:06,,food,"Avocado toast, sardines, blueberries",https://levels.imgix.net/food-log/hreg1o0zdre4nihh11za2d.jpg,False
2021-11-30T16:09:27.528Z,2021-11-30 10:09:27,,food,"3 eggs butter toast, almond butter toast",https://levels.imgix.net/food-log/mbz468iqavfj4ls5rerayc.jpg,False
2021-11-28T03:54:11.000Z,2021-11-27 21:54:11,,food,"2 eggs butter toast, almond butter toast",https://levels.imgix.net/food-log/nlvagkcctlbox1vys9g02.jpg,False
2021-11-22T19:19:03.000Z,2021-11-22 13:19:03,,food,Sweetgreen salad,https://levels.imgix.net/food-log/8ti675im0odpwd0fwttuxm.jpg,False
2021-11-22T16:14:06.000Z,2021-11-22 10:14:06,,food,"3 eggs butter toast, almond butter toast",https://levels.imgix.net/food-log/0384crhaa0vjo6wzqgqxwf.jpg,False
2021-11-22T00:29:50.678Z,2021-11-21 18:29:50,,food,Eggs and ab jelly toast,https://levels.imgix.net/food-log/zjwdl9lhmdovky8ugzc.jpg,False
2021-11-21T22:45:28.493Z,2021-11-21 16:45:28,,food,Chicken hot sauce bbq sauce,https://levels.imgix.net/food-log/f6iebn7z24kmcyif0s7n6r.jpg,False
2021-11-21T22:22:48.804Z,2021-11-21 16:22:48,,food,Ripple milk and protein powder,https://levels.imgix.net/food-log/qgpxs2bf3d0mmkpus7h3u.jpg,False
2021-11-21T21:20:32.000Z,2021-11-21 15:20:32,,food,Dark chocolate almonds,https://levels.imgix.net/food-log/p3jqf73y7poq8o40so7sc.jpg,False
2021-11-21T20:22:59.000Z,2021-11-21 14:22:59,,food,"Chicken breast, broccoli, almond butter toast",https://levels.imgix.net/food-log/eanas4ng2952i8o5f4a38.jpg,False
2021-11-21T15:47:05.000Z,2021-11-21 09:47:05,,food,"3 eggs, avocado toast, almond butter toast",https://levels.imgix.net/food-log/7nq5ql5qihs0u20lrpalcj.jpg,False
2021-11-21T01:51:48.489Z,2021-11-20 19:51:48,,food,Dark chocolate almonds,https://levels.imgix.net/food-log/p3jqf73y7poq8o40so7sc.jpg,False
2021-11-21T01:39:29.000Z,2021-11-20 19:39:29,,food,Steak potatoes and onion,https://levels.imgix.net/food-log/5w1zvmd3lqoxas72uq467k.jpg,False
2021-11-20T20:15:40.839Z,2021-11-20 14:15:40,,food,"Chicken, broccoli, avocado wrap with almond butter toast",https://levels.imgix.net/food-log/6410228rz4lz569wcql4c.jpg,False
2021-11-20T16:07:16.540Z,2021-11-20 10:07:16,,food,Avocado toast with eggs,https://levels.imgix.net/food-log/2dezwv0lvf7anz2oiwcsk9.jpg,False
2021-11-20T02:00:35.134Z,2021-11-19 20:00:35,,food,Ripple milk and chocolate,https://levels.imgix.net/food-log/l9g7ggbf4txs5k8zmon1.jpg,False
2021-11-20T01:40:49.000Z,2021-11-19 19:40:49,,food,Wrap bar and almond butter toast,https://levels.imgix.net/food-log/pf828nhaqceqai6unyob6l.jpg,False
2021-11-19T23:08:50.338Z,2021-11-19 17:08:50,,food,Chocolate,https://levels.imgix.net/food-log/6kh230w25oxae0hjwadqjr.jpg,False
2021-11-19T22:09:49.000Z,2021-11-19 16:09:49,,food,Sweetgreen salad,https://levels.imgix.net/food-log/ad6o27pkuasoy13syxfnlh.jpg,False
2021-11-19T16:35:27.545Z,2021-11-19 10:35:27,,food,"3 eggs, avocado toast, almond butter toast",https://levels.imgix.net/food-log/7yw34ghjj98c434rmmx52e.jpg,False
2021-11-09T15:06:36.854Z,2021-11-09 09:06:36,,food,"2 hard boiled eggs, 3 eggs over-easy, two pieces Ezekiel bread, one with butter and one with almond butter",https://levels.imgix.net/food-log/pnc7bxj2r9zobyqtgi0xs.jpg,False
2021-11-08T14:59:34.000Z,2021-11-08 08:59:34,,food,3 eggs with almond butter toast,https://levels.imgix.net/food-log/emeemb0miknmh8ozdd4b9j.jpg,False
2021-11-07T21:12:08.000Z,2021-11-07 15:12:08,,food,Avocado toast and 2 eggs,https://levels.imgix.net/food-log/3pmgz1nniknb6whtixp65c.jpg,False
2021-11-03T15:22:15.920Z,2021-11-03 10:22:15,,food,Pesto eggs with butter toast,https://levels.imgix.net/food-log/kxb8o1kq3qawghpoz55z.jpg,False
2021-08-24T18:25:43.000Z,2021-08-24 13:25:43,,food,Tortellini soup,https://levels.imgix.net/food-log/ytq6gnjd0kac02xkhvfjc.jpg,False
2021-08-24T15:10:33.937Z,2021-08-24 10:10:33,,food,"3 eggs butter toast, almond butter toast",https://levels.imgix.net/food-log/wy5nzg5b9yqhq55yc02cfp.jpg,False
2021-08-23T21:56:07.013Z,2021-08-23 16:56:07,,food,Turkey and apples,https://levels.imgix.net/food-log/m60hdc7x8ejydhzfye4sbl.jpg,False
2021-08-23T18:31:53.557Z,2021-08-23 13:31:53,,food,"Protein shake (ascent, creatine, yogurt, kale, cucumber, cinnamon, almond butter, almond milk)",https://levels.imgix.net/food-log/r2q3tio27zqm0m3rg60yom.jpg,False
2021-08-23T17:03:48.000Z,2021-08-23 12:03:48,,food,Blueberries,https://levels.imgix.net/food-log/58j6n3qf9b8ff2l0g1m8z.jpg,False
2021-08-23T16:53:56.000Z,2021-08-23 11:53:56,,food,"5 eggs on sourdough bread with provolone cheese, almond butter on sourdough bread",https://levels.imgix.net/food-log/rpggse35fhc8tqlaxn5v.jpg,False
2021-08-20T16:43:14.827Z,2021-08-20 11:43:14,,food,Blueberries,https://levels.imgix.net/food-log/pnkhkzz4bl13gn5pcws8bf.jpg,False
2021-08-20T15:35:54.000Z,2021-08-20 10:35:54,,food,4 eggs and avocado toast ,https://levels.imgix.net/food-log/gy6vk472n6o4fbslsqwyou.jpg,False
2021-08-19T20:57:01.570Z,2021-08-19 15:57:01,,food,Steak sandwich,https://levels.imgix.net/food-log/g2qbv60oj208l5zwljrv2.jpg,False
2021-08-19T15:36:25.826Z,2021-08-19 10:36:25,,food,Blueberries,https://levels.imgix.net/food-log/1dzb6otsdjww3xn4hlfnpr.jpg,False
2021-08-19T15:27:13.286Z,2021-08-19 10:27:13,,food,4 eggs with butter toast ,https://levels.imgix.net/food-log/2tp9u6gbdutw76zjtma3.jpg,False
2021-08-19T01:01:56.145Z,2021-08-18 20:01:56,,food,Cream puff,https://levels.imgix.net/food-log/8fnpkd9jt5a0k7aq2boxyw.jpg,False
2021-08-19T00:12:58.000Z,2021-08-18 19:12:58,,food,"Steak, green beans, potato salad with red wine",https://levels.imgix.net/food-log/c3k9ii416ok2c10ti2osfa.jpg,False
2021-08-18T16:16:36.000Z,2021-08-18 11:16:36,,food,4 eggs with 2 meatballs and French toast on Ezekiel with almond butter and butter,https://levels.imgix.net/food-log/48lyb8jwr9t8qnxam8n5m3.jpg,False
2021-08-18T01:22:48.773Z,2021-08-17 20:22:48,,food,"Protein shake (yogurt, ascent, creatine, almond butter, almond milk)",https://levels.imgix.net/food-log/0nhdhdxm32upi3pk2tqzg.jpg,False
2021-08-18T00:49:02.469Z,2021-08-17 19:49:02,,food,Cream puff,https://levels.imgix.net/food-log/k2slgy2yfvfwj0anv8x1c9.jpg,False
2021-08-18T00:15:21.000Z,2021-08-17 19:15:21,,food,Homemade spaghetti and meatballs with white wine,https://levels.imgix.net/food-log/duf1kzy01ana0l8v5clr3a.jpg,False
2021-08-17T19:56:05.197Z,2021-08-17 14:56:05,,food,Ham sandwich on Ezekiel,https://levels.imgix.net/food-log/r41pmfp1idg730gu1qdv8.jpg,False
2021-08-17T15:20:07.391Z,2021-08-17 10:20:07,,food,"Protein shake (yogurt, ascent, creatine, almond butter, almond milk)",https://levels.imgix.net/food-log/gojcukh6uzvieojfd8r8y.jpg,False
2021-08-17T14:14:11.344Z,2021-08-17 09:14:11,,food,"4 eggs with 2 pieces of toast (almond butter, butter)",https://levels.imgix.net/food-log/kobyfqx012okqghnnmm1dr.jpg,False
2021-08-17T01:38:04.306Z,2021-08-16 20:38:04,,food,"Protein shake (yogurt, ascent, creatine, almond butter, almond milk)",https://levels.imgix.net/food-log/rq1yrx3vy4bkqi2sb48bt.jpg,False
2021-08-17T01:18:11.864Z,2021-08-16 20:18:11,,food,4 eggs and toast,https://levels.imgix.net/food-log/3jc1f7wc0tklkt2wqqgix.jpg,False
2021-08-16T21:37:45.384Z,2021-08-16 16:37:45,,food,Watermelon,https://levels.imgix.net/food-log/ch67j653u4gtdbgkdp6hdm.jpg,False
2021-08-16T20:10:33.032Z,2021-08-16 15:10:33,,food,3 scrambled eggs,https://levels.imgix.net/food-log/nf4yentn8vc2432mpxwn1t.jpg,False
2021-08-16T16:16:23.197Z,2021-08-16 11:16:23,,food,French toast on Ezekiel with Almond butter and 5% Greek yogurt,https://levels.imgix.net/food-log/ids6i0wnljig7vdqcr5eeh.jpg,False
2021-08-16T16:11:42.194Z,2021-08-16 12:11:42,,food,Ham sandwich on Ezekiel,https://levels.imgix.net/food-log/o15y21lf3v84e7iye8xaxg.jpg,False
2021-08-06T00:23:12.628Z,2021-08-05 19:23:12,,food,Lemony Chicken Noodle Soup,https://levels.imgix.net/food-log/jj4vq3jtjj1et1ls08biy.jpg,False
2021-04-07T15:40:49.000Z,2021-04-07 10:40:49,,food,Protein french toast,https://levels.imgix.net/food-log/kf5tpewgtjbu5ekx5z641j.jpg,False
2021-04-07T15:33:48.000Z,2021-04-07 10:33:48,,food,Avocado toast,https://levels.imgix.net/food-log/frh1f0fclkm6r05w28u.jpg,False
2021-03-06T17:52:36.405Z,2021-03-06 11:52:36,,food,"Eggs with broccoli, kale and green onions; avocado toast ",https://levels.imgix.net/food-log/5tsow4ydwnl0ptzhfs04wq.jpg,False
2020-11-27T00:23:09.000Z,2020-11-26 18:23:09,,food,Pumpkin pie,https://levels.imgix.net/food-log/88e2qi1l098o04t6vph86a.jpg,False
2020-11-27T00:01:33.000Z,2020-11-26 18:01:33,,food,Mac and cheese and sweet potato,https://levels.imgix.net/food-log/wsoct4pdkvqkpj0gwtsnvo.jpg,False
2022-09-06T14:29:38.636Z,2022-09-06 09:29:38,2022-09-06T14:46:21.859Z,exercise,Walking,,False
2022-09-06T02:52:44.000Z,2022-09-05 21:52:44,2022-09-06T13:47:44.000Z,sleep,Sleep,,False
2022-09-06T01:48:33.586Z,2022-09-05 20:48:33,2022-09-06T14:21:15.886Z,exercise,Functional Strength Training,,False
2022-09-05T13:27:20.000Z,2022-09-05 08:27:20,2022-09-05T13:31:20.000Z,sleep,Sleep,,False
2022-09-03T17:30:15.602Z,2022-09-03 12:30:15,2022-09-03T17:50:45.978Z,exercise,Walking,,False
2022-09-02T14:59:56.606Z,2022-09-02 09:59:56,2022-09-02T15:22:33.985Z,exercise,Walking,,False
2022-09-01T18:40:05.082Z,2022-09-01 13:40:05,2022-09-01T19:08:30.542Z,exercise,Walking,,False
2022-08-31T14:29:41.938Z,2022-08-31 09:29:41,2022-08-31T14:42:56.463Z,exercise,Traditional Strength Training,,False
2022-08-31T14:15:41.214Z,2022-08-31 09:15:41,2022-08-31T14:28:47.659Z,exercise,Walking,,False
2022-08-30T21:25:30.442Z,2022-08-30 16:25:30,2022-08-30T23:00:25.847Z,exercise,Tennis,,False
2022-08-30T18:27:49.393Z,2022-08-30 13:27:49,2022-08-30T19:30:17.935Z,exercise,Functional Strength Training,,False
2022-08-30T14:30:28.907Z,2022-08-30 09:30:28,2022-08-30T14:58:19.066Z,exercise,Walking,,False
2022-08-29T21:51:10.432Z,2022-08-29 16:51:10,2022-08-29T23:02:59.888Z,exercise,Tennis,,False
2022-08-29T13:25:55.854Z,2022-08-29 08:25:55,2022-08-29T14:21:33.988Z,exercise,Walking,,False
2022-08-28T20:15:36.422Z,2022-08-28 15:15:36,2022-08-28T21:03:15.190Z,exercise,Walking,,False
2022-08-26T18:51:57.136Z,2022-08-26 13:51:57,2022-08-26T19:29:22.294Z,exercise,Functional Strength Training,,False
2022-08-26T15:02:10.774Z,2022-08-26 10:02:10,2022-08-26T15:39:15.338Z,exercise,Walking,,False
2022-08-25T13:12:05.624Z,2022-08-25 08:12:05,2022-08-25T14:13:50.891Z,exercise,Walking,,False
2022-08-25T00:02:50.900Z,2022-08-24 19:02:50,2022-08-25T00:23:40.181Z,exercise,Walking,,False
2022-08-24T22:35:35.542Z,2022-08-24 17:35:35,2022-08-24T22:49:05.040Z,exercise,Cycling,,False
2022-08-24T22:01:46.315Z,2022-08-24 17:01:46,2022-08-24T22:22:57.065Z,exercise,Functional Strength Training,,False
2022-08-24T13:39:13.093Z,2022-08-24 08:39:13,2022-08-24T14:06:11.759Z,exercise,Walking,,False
2022-08-24T12:52:54.119Z,2022-08-24 07:52:54,2022-08-24T13:11:43.121Z,exercise,Walking,,False
2022-08-23T14:06:37.962Z,2022-08-23 09:06:37,2022-08-23T14:51:38.495Z,exercise,Cycling,,False
2022-08-23T13:34:42.962Z,2022-08-23 08:34:42,2022-08-23T13:57:51.604Z,exercise,Walking,,False
2022-08-23T12:42:50.962Z,2022-08-23 07:42:50,2022-08-23T13:03:18.834Z,exercise,Walking,,False
2022-08-23T02:09:05.247Z,2022-08-22 21:09:05,2022-08-23T02:44:06.390Z,exercise,Other,,False
2022-08-22T21:47:40.935Z,2022-08-22 16:47:40,2022-08-22T22:20:07.274Z,exercise,Traditional Strength Training,,False
2022-08-22T15:36:14.078Z,2022-08-22 16:36:14,2022-08-22T16:10:47.964Z,exercise,Functional Strength Training,,False
2022-08-22T13:15:31.739Z,2022-08-22 14:15:31,2022-08-22T13:35:13.368Z,exercise,Walking,,False
2022-08-22T12:11:40.858Z,2022-08-22 13:11:40,2022-08-22T12:32:00.666Z,exercise,Walking,,False
2022-08-22T02:16:42.000Z,2022-08-22 03:16:42,2022-08-22T11:51:12.000Z,sleep,Sleep,,False
2022-08-22T02:15:12.000Z,2022-08-22 03:15:12,2022-08-22T02:15:42.000Z,sleep,Sleep,,False
2022-08-22T00:49:21.628Z,2022-08-22 01:49:21,2022-08-22T01:27:05.663Z,exercise,Yoga,,False
2022-08-22T00:29:25.275Z,2022-08-22 01:29:25,2022-08-22T00:43:13.838Z,exercise,Functional Strength Training,,False
2022-08-21T18:59:45.315Z,2022-08-21 19:59:45,2022-08-21T19:53:17.012Z,exercise,Walking,,False
2022-08-18T23:16:40.000Z,2022-08-18 18:16:40,2022-08-19T08:22:40.000Z,sleep,Sleep,,False
2022-08-18T05:10:13.000Z,2022-08-18 00:10:13,2022-08-18T07:52:13.000Z,sleep,Sleep,,False
2022-08-15T10:56:48.721Z,2022-08-15 05:56:48,2022-08-15T11:11:43.187Z,exercise,Walking,,False
2022-08-12T19:57:52.600Z,2022-08-12 14:57:52,2022-08-12T20:11:12.567Z,exercise,Functional Strength Training,,False
2022-08-12T19:24:40.933Z,2022-08-12 14:24:40,2022-08-12T19:55:29.572Z,exercise,Traditional Strength Training,,False
2022-08-12T13:57:28.063Z,2022-08-12 08:57:28,2022-08-12T14:51:15.022Z,exercise,Walking,,False
2022-08-11T23:20:45.035Z,2022-08-11 18:20:45,2022-08-11T23:36:07.150Z,exercise,Functional Strength Training,,False
2022-08-10T23:55:58.191Z,2022-08-10 18:55:58,2022-08-11T00:26:44.979Z,exercise,Walking,,False
2022-08-10T22:53:58.443Z,2022-08-10 17:53:58,2022-08-10T23:08:28.928Z,exercise,Walking,,False
2022-08-10T22:40:15.099Z,2022-08-10 17:40:15,2022-08-10T22:53:39.416Z,exercise,Cycling,,False
2022-08-10T21:20:38.076Z,2022-08-10 16:20:38,2022-08-10T22:05:44.285Z,exercise,Cycling,,False
2022-08-10T21:20:34.000Z,2022-08-10 16:20:34,2022-08-10T22:05:50.000Z,exercise,Cycling,,False
2022-08-10T13:34:13.738Z,2022-08-10 08:34:13,2022-08-10T14:54:06.671Z,exercise,Walking,,False
2022-08-09T23:08:41.576Z,2022-08-09 18:08:41,2022-08-09T23:32:19.833Z,exercise,Walking,,False
2022-08-09T22:11:00.993Z,2022-08-09 17:11:00,2022-08-09T22:28:43.662Z,exercise,Walking,,False
2022-08-09T18:52:23.224Z,2022-08-09 13:52:23,2022-08-09T19:54:44.239Z,exercise,Traditional Strength Training,,False
2022-08-09T18:35:28.471Z,2022-08-09 13:35:28,2022-08-09T18:47:11.472Z,exercise,Functional Strength Training,,False
2022-08-09T16:29:07.690Z,2022-08-09 11:29:07,2022-08-09T17:05:21.708Z,exercise,Walking,,False
2022-08-08T17:24:23.125Z,2022-08-08 12:24:23,2022-08-08T17:52:27.483Z,exercise,Cycling,,False
2022-08-08T13:50:05.588Z,2022-08-08 08:50:05,2022-08-08T14:20:54.604Z,exercise,Yoga,,False
2022-08-07T20:51:02.869Z,2022-08-07 15:51:02,2022-08-07T21:32:38.456Z,exercise,Traditional Strength Training,,False
2022-08-07T20:36:10.948Z,2022-08-07 15:36:10,2022-08-07T20:49:35.059Z,exercise,Functional Strength Training,,False
2022-08-07T02:25:31.827Z,2022-08-06 21:25:31,2022-08-07T02:40:26.717Z,exercise,Walking,,False
2022-08-03T23:29:51.294Z,2022-08-03 18:29:51,2022-08-03T23:47:54.993Z,exercise,Cycling,,False
2022-07-27T03:38:17.000Z,2022-07-26 22:38:17,2022-07-27T12:32:17.000Z,sleep,Sleep,,False
2022-07-26T19:25:32.025Z,2022-07-26 14:25:32,2022-07-26T19:55:46.864Z,exercise,Traditional Strength Training,,False
2022-07-26T13:25:10.455Z,2022-07-26 08:25:10,2022-07-26T14:14:47.877Z,exercise,Walking,,False
2022-07-26T05:02:42.000Z,2022-07-26 00:02:42,2022-07-26T12:44:12.000Z,sleep,Sleep,,False
2022-07-25T22:18:58.524Z,2022-07-25 17:18:58,2022-07-25T22:59:54.021Z,exercise,Cycling,,False
2022-07-25T13:25:29.286Z,2022-07-25 08:25:29,2022-07-25T13:51:15.035Z,exercise,Walking,,False
2022-07-24T16:01:47.034Z,2022-07-24 11:01:47,2022-07-24T17:17:38.684Z,exercise,Walking,,False
2022-07-23T19:09:01.897Z,2022-07-23 14:09:01,2022-07-23T20:05:14.281Z,exercise,Traditional Strength Training,,False
2022-07-22T21:20:16.982Z,2022-07-22 16:20:16,2022-07-22T21:39:20.906Z,exercise,Cycling,,False
2022-07-22T16:30:17.997Z,2022-07-22 11:30:17,2022-07-22T17:02:18.826Z,exercise,Yoga,,False
2022-07-21T22:16:06.684Z,2022-07-21 17:16:06,2022-07-21T22:28:22.357Z,exercise,Cycling,,False
2022-07-21T21:32:38.532Z,2022-07-21 16:32:38,2022-07-21T21:59:01.932Z,exercise,Traditional Strength Training,,False
2022-07-21T17:57:24.686Z,2022-07-21 12:57:24,2022-07-21T18:18:10.938Z,exercise,Pilates,,False
2022-07-21T13:44:05.431Z,2022-07-21 08:44:05,2022-07-21T14:10:34.929Z,exercise,Walking,,False
2022-07-20T13:45:49.824Z,2022-07-20 08:45:49,2022-07-20T14:06:34.082Z,exercise,Yoga,,False
2022-07-20T13:01:35.587Z,2022-07-20 08:01:35,2022-07-20T13:28:31.239Z,exercise,Walking,,False
2022-07-20T01:03:59.206Z,2022-07-19 20:03:59,,food,Kale orzo salad with steak,https://levels.imgix.net/food-log/omh9spli8s7x5wu2zvysz.jpg,False
2022-07-19T20:45:08.000Z,2022-07-19 15:45:08,,food,Sardines,,False
2022-07-19T19:24:06.667Z,2022-07-19 14:24:06,2022-07-19T20:22:38.449Z,exercise,Traditional Strength Training,,False
2022-07-19T17:46:23.746Z,2022-07-19 12:46:23,,food,3 eggs and sockeye salmon,https://levels.imgix.net/food-log/1rtl2n08ubi4975dms7gal.jpg,False
2022-07-19T14:10:02.766Z,2022-07-19 09:10:02,,food,Muesli,https://levels.imgix.net/food-log/b66cx5rqjwot9j7z82evg.jpg,False
2022-07-19T02:46:00.000Z,2022-07-18 21:46:00,2022-07-19T12:38:30.000Z,sleep,Sleep,,False
2022-07-19T00:27:54.245Z,2022-07-18 19:27:54,,food,Spinach and artichoke pasta with chicken breast,https://levels.imgix.net/food-log/8ma545dxu75wg2r3kj50pj.jpg,False
2022-07-18T22:15:14.610Z,2022-07-18 17:15:14,2022-07-18T23:12:18.076Z,exercise,Walking,,False
2022-07-18T22:00:43.000Z,2022-07-18 17:00:43,,food,Sardines,,False
2022-07-18T16:17:27.266Z,2022-07-18 11:17:27,,food,"3 eggs, turkey sandwich, cucumbers",https://levels.imgix.net/food-log/qnvl7p9km3iew5nh7pai2u.jpg,False
2022-07-18T06:44:48.000Z,2022-07-18 01:44:48,2022-07-18T12:25:18.000Z,sleep,Sleep,,False
2022-07-18T02:38:18.000Z,2022-07-17 21:38:18,2022-07-18T12:25:18.000Z,sleep,Sleep,,False
2022-07-17T14:43:14.239Z,2022-07-17 09:43:14,2022-07-17T15:17:51.855Z,exercise,Yoga,,False
2022-07-17T13:20:57.000Z,2022-07-17 08:20:57,2022-07-17T13:54:57.000Z,sleep,Sleep,,False
2022-07-16T15:47:56.930Z,2022-07-16 10:47:56,2022-07-16T16:09:14.072Z,exercise,Yoga,,False
2022-07-14T02:59:54.184Z,2022-07-13 21:59:54,2022-07-14T04:06:49.168Z,exercise,Walking,,False
2022-07-12T19:55:52.062Z,2022-07-12 14:55:52,2022-07-12T20:34:55.440Z,exercise,Walking,,False
2022-07-12T15:28:25.173Z,2022-07-12 10:28:25,2022-07-12T15:44:26.450Z,exercise,Walking,,False
2022-07-11T21:14:26.642Z,2022-07-11 16:14:26,2022-07-11T21:46:55.689Z,exercise,Walking,,False
2022-07-06T19:29:36.009Z,2022-07-06 14:29:36,2022-07-06T19:41:06.270Z,exercise,Pilates,,False
2022-07-06T13:50:31.419Z,2022-07-06 08:50:31,2022-07-06T14:05:20.117Z,exercise,Walking,,False
2022-07-05T23:10:04.871Z,2022-07-05 18:10:04,2022-07-05T23:28:37.946Z,exercise,Walking,,False
2022-07-05T22:28:26.934Z,2022-07-05 17:28:26,2022-07-05T22:45:15.505Z,exercise,Walking,,False
2022-07-05T13:35:35.430Z,2022-07-05 08:35:35,2022-07-05T13:55:14.980Z,exercise,Walking,,False
2022-07-03T14:51:56.762Z,2022-07-03 09:51:56,2022-07-03T15:28:32.155Z,exercise,Walking,,False
2022-06-09T02:02:14.826Z,2022-06-08 21:02:14,2022-06-09T02:21:28.947Z,exercise,Cycling,,False
2022-06-08T22:00:43.147Z,2022-06-08 17:00:43,2022-06-08T22:19:56.369Z,exercise,Cycling,,False
2022-06-08T13:38:05.083Z,2022-06-08 08:38:05,2022-06-08T13:49:46.199Z,exercise,Functional Strength Training,,False
2022-06-08T02:37:12.000Z,2022-06-07 21:37:12,2022-06-08T12:59:42.000Z,sleep,Sleep,,False
2022-06-08T00:04:45.503Z,2022-06-07 19:04:45,2022-06-08T00:40:55.434Z,exercise,Functional Strength Training,,False
2022-06-07T22:52:07.148Z,2022-06-07 17:52:07,2022-06-07T23:08:55.438Z,exercise,Cycling,,False
2022-06-07T12:06:01.000Z,2022-06-07 07:06:01,2022-06-07T13:08:01.000Z,sleep,Sleep,,False
2022-06-07T02:11:29.867Z,2022-06-06 21:11:29,2022-06-07T02:43:07.585Z,exercise,Yoga,,False
2022-06-06T14:40:00.000Z,2022-06-06 09:40:00,,food,Museli,,False
2022-06-06T14:35:53.296Z,2022-06-06 09:35:53,,food,Athletic greens,https://levels.imgix.net/food-log/0ul7j5v4e3h5kr1ihcyi1q.jpg,False
2022-06-06T03:25:37.000Z,2022-06-05 22:25:37,2022-06-06T13:41:07.000Z,sleep,Sleep,,False
2022-06-05T06:56:45.000Z,2022-06-05 01:56:45,2022-06-05T13:44:15.000Z,sleep,Sleep,,False
2022-06-04T19:11:46.763Z,2022-06-04 14:11:46,2022-06-04T19:46:32.033Z,exercise,Walking,,False
2022-06-04T13:19:03.000Z,2022-06-04 08:19:03,2022-06-04T15:03:03.000Z,sleep,Sleep,,False
2022-06-04T01:28:42.411Z,2022-06-03 20:28:42,2022-06-04T01:41:47.296Z,exercise,Cycling,,False
2022-06-03T23:23:58.489Z,2022-06-03 18:23:58,2022-06-03T23:46:11.381Z,exercise,Walking,,False
2022-06-03T20:45:08.703Z,2022-06-03 15:45:08,2022-06-03T21:14:07.332Z,exercise,Walking,,False
2022-06-03T14:35:56.411Z,2022-06-03 09:35:56,2022-06-03T14:53:26.825Z,exercise,Walking,,False
2022-06-03T13:45:49.187Z,2022-06-03 08:45:49,2022-06-03T14:09:32.283Z,exercise,Yoga,,False
2022-06-02T14:31:50.128Z,2022-06-02 09:31:50,2022-06-02T15:03:32.488Z,exercise,Functional Strength Training,,False
2022-06-02T13:04:04.461Z,2022-06-02 08:04:04,2022-06-02T13:33:22.839Z,exercise,Walking,,False
2022-06-01T13:56:23.354Z,2022-06-01 08:56:23,2022-06-01T14:07:30.357Z,exercise,Walking,,False
2022-05-31T22:34:38.496Z,2022-05-31 17:34:38,2022-05-31T22:56:55.535Z,exercise,Yoga,,False
2022-05-31T13:34:16.995Z,2022-05-31 08:34:16,2022-05-31T13:55:04.006Z,exercise,Walking,,False
2022-05-29T17:06:28.804Z,2022-05-29 12:06:28,2022-05-29T18:31:10.290Z,exercise,Cycling,,False
2022-05-29T14:00:52.740Z,2022-05-29 09:00:52,2022-05-29T14:13:13.995Z,exercise,Walking,,False
2022-05-26T13:41:24.953Z,2022-05-26 08:41:24,2022-05-26T13:57:32.675Z,exercise,Walking,,False
2022-05-25T00:47:27.902Z,2022-05-24 19:47:27,2022-05-25T01:07:33.356Z,exercise,Cycling,,False
2022-05-25T00:26:12.546Z,2022-05-24 19:26:12,2022-05-25T00:37:45.276Z,exercise,Functional Strength Training,,False
2022-05-24T13:37:49.021Z,2022-05-24 08:37:49,2022-05-24T13:58:54.579Z,exercise,Walking,,False
2022-05-24T00:34:17.712Z,2022-05-23 19:34:17,2022-05-24T00:52:27.041Z,exercise,Cycling,,False
2022-05-24T00:15:23.379Z,2022-05-23 19:15:23,2022-05-24T00:34:00.847Z,exercise,Walking,,False
2022-05-23T23:14:17.805Z,2022-05-23 18:14:17,2022-05-23T23:30:43.560Z,exercise,Walking,,False
2022-05-23T22:56:36.810Z,2022-05-23 17:56:36,2022-05-23T23:13:58.500Z,exercise,Cycling,,False
2022-05-23T14:25:56.982Z,2022-05-23 09:25:56,2022-05-23T15:16:47.445Z,exercise,Cycling,,False
2022-05-23T13:34:03.236Z,2022-05-23 08:34:03,2022-05-23T13:57:12.554Z,exercise,Walking,,False
2022-05-22T23:41:50.194Z,2022-05-22 18:41:50,2022-05-22T23:54:09.336Z,exercise,Cycling,,False
2022-05-22T18:06:18.898Z,2022-05-22 13:06:18,2022-05-22T18:24:49.155Z,exercise,Walking,,False
2022-05-22T14:23:08.337Z,2022-05-22 09:23:08,2022-05-22T14:47:41.928Z,exercise,Walking,,False
2022-05-16T23:43:11.664Z,2022-05-16 18:43:11,2022-05-17T00:00:03.485Z,exercise,Cycling,,False
2022-05-16T13:35:06.741Z,2022-05-16 08:35:06,2022-05-16T13:56:13.948Z,exercise,Functional Strength Training,,False
2022-05-16T13:22:25.371Z,2022-05-16 08:22:25,2022-05-16T13:34:55.757Z,exercise,Walking,,False
2022-05-16T02:08:23.000Z,2022-05-15 21:08:23,2022-05-16T12:31:59.000Z,sleep,Sleep,,False
2022-05-13T18:31:55.004Z,2022-05-13 13:31:55,2022-05-13T19:06:37.903Z,exercise,Walking,,False
2022-05-13T17:14:39.568Z,2022-05-13 12:14:39,2022-05-13T17:28:43.616Z,exercise,Walking,,False
2022-05-12T16:29:39.978Z,2022-05-12 11:29:39,2022-05-12T17:35:40.676Z,exercise,Tai Chi,,False
2022-05-12T15:02:16.941Z,2022-05-12 10:02:16,2022-05-12T15:18:17.225Z,exercise,Cycling,,False
2022-05-12T13:25:54.803Z,2022-05-12 08:25:54,2022-05-12T13:38:07.479Z,exercise,Functional Strength Training,,False
2022-05-12T13:13:13.160Z,2022-05-12 08:13:13,2022-05-12T13:25:46.179Z,exercise,Walking,,False
2022-05-12T01:07:30.387Z,2022-05-11 20:07:30,2022-05-12T01:22:46.361Z,exercise,Cycling,,False
2022-05-11T16:10:04.535Z,2022-05-11 11:10:04,2022-05-11T16:25:42.587Z,exercise,Cycling,,False
2022-05-11T13:59:48.250Z,2022-05-11 08:59:48,2022-05-11T14:21:27.625Z,exercise,Walking,,False
2022-05-09T06:13:33.000Z,2022-05-09 01:13:33,2022-05-09T13:24:03.000Z,sleep,Sleep,,False
2022-05-07T15:17:15.376Z,2022-05-07 10:17:15,2022-05-07T15:38:29.848Z,exercise,Walking,,False
2022-05-06T14:07:55.036Z,2022-05-06 09:07:55,2022-05-06T14:30:30.689Z,exercise,Walking,,False
2022-05-05T17:09:38.162Z,2022-05-05 12:09:38,,food,4 eggs with butter toast with muelsi mix,https://levels.imgix.net/food-log/k9x312yh5oqy498lg2u64.jpg,False
2022-05-05T17:08:55.171Z,2022-05-05 12:08:55,,food,Athletic greens,,False
2022-05-05T15:52:34.411Z,2022-05-05 10:52:34,2022-05-05T16:42:13.497Z,exercise,Walking,,False
2022-05-05T03:38:48.000Z,2022-05-04 22:38:48,2022-05-05T13:45:48.000Z,sleep,Sleep,,False
2022-05-04T19:39:44.745Z,2022-05-04 14:39:44,,food,Matcha and chocolate cream puff,https://levels.imgix.net/food-log/hlxj0nu376c99tnbtxms6e.jpg,False
2022-05-04T19:16:16.000Z,2022-05-04 14:16:16,,food,Etta bubbling shrimp and chicken sandwich,,False
2022-05-04T16:52:53.428Z,2022-05-04 11:52:53,2022-05-04T17:31:57.356Z,exercise,Walking,,False
2022-05-04T15:40:37.591Z,2022-05-04 10:40:37,,food,"Muesli with almond butter, chia seeds, collagen, creatine, kefir, cinnamon",https://levels.imgix.net/food-log/j0xbohziclqb6p3bpuutd.jpg,False
2022-05-04T15:27:57.300Z,2022-05-04 10:27:57,,food,Sardines,https://levels.imgix.net/food-log/f787jk4zpedvmuopbew318.jpg,False
2022-05-04T15:25:32.790Z,2022-05-04 10:25:32,,food,Athletic greens,,False
2022-05-04T14:28:43.753Z,2022-05-04 09:28:43,2022-05-04T14:41:46.015Z,exercise,Walking,,False
2022-05-04T11:39:02.000Z,2022-05-04 06:39:02,2022-05-04T12:54:15.000Z,sleep,Sleep,,False
2022-05-04T04:45:45.000Z,2022-05-03 23:45:45,2022-05-04T12:54:15.000Z,sleep,Sleep,,False
2022-05-04T03:47:15.000Z,2022-05-03 22:47:15,2022-05-04T12:54:15.000Z,sleep,Sleep,,False
2022-05-04T00:26:26.618Z,2022-05-03 19:26:26,,food,"Sausage, spinach pasta",https://levels.imgix.net/food-log/7aqpl66cc6zh18ifv5y2.jpg,False
2022-05-03T22:22:41.908Z,2022-05-03 17:22:41,,food,"Muesli with almond butter, chia seeds, collagen, creatine, kefir, cinnamon",https://levels.imgix.net/food-log/kq21389guz3lo1k3is7yw.jpg,False
2022-05-03T21:21:46.100Z,2022-05-03 16:21:46,2022-05-03T22:03:49.592Z,exercise,Traditional Strength Training,,False
2022-05-03T20:51:53.597Z,2022-05-03 15:51:53,2022-05-03T21:17:27.382Z,exercise,Functional Strength Training,,False
2022-05-03T19:31:03.731Z,2022-05-03 14:31:03,,food,Greek pita,https://levels.imgix.net/food-log/zf62pcxa2fdv7ozqi6raa.jpg,False
2022-05-03T16:08:07.273Z,2022-05-03 11:08:07,,food,Steak and eggs,https://levels.imgix.net/food-log/62rp8jhuuf3fcf8rlsg91.jpg,False
2022-05-03T14:47:13.000Z,2022-05-03 09:47:13,,food,Athletic greens,,False
2022-05-03T13:44:19.912Z,2022-05-03 08:44:19,2022-05-03T14:15:31.685Z,exercise,Yoga,,False
2022-05-03T12:16:46.000Z,2022-05-03 07:16:46,2022-05-03T13:08:16.000Z,sleep,Sleep,,False
2022-05-03T03:13:16.000Z,2022-05-02 22:13:16,2022-05-03T13:08:16.000Z,sleep,Sleep,,False
2022-05-03T03:09:58.000Z,2022-05-02 22:09:58,2022-05-03T12:48:28.000Z,sleep,Sleep,,False
2022-05-03T01:27:56.223Z,2022-05-02 20:27:56,,food,Theo dark chocolate with almond butter,https://levels.imgix.net/food-log/sgr8cs0j9y85xhez499pi.jpg,False
2022-05-03T00:50:14.608Z,2022-05-02 19:50:14,,food,"Braised Chicken thigh with artichoke hearts, kale, onion, fennel, lemon",https://levels.imgix.net/food-log/xoedpxtmhvjt0q5va7wpg.jpg,False
2022-05-02T19:57:56.783Z,2022-05-02 14:57:56,,food,Musheli,https://levels.imgix.net/food-log/a04ap38j1fnalupu7uhpl.jpg,False
2022-05-02T19:29:17.449Z,2022-05-02 14:29:17,2022-05-02T19:50:30.493Z,exercise,Walking,,False
2022-05-02T16:57:03.648Z,2022-05-02 11:57:03,,food,Greek bowl leftovers,https://levels.imgix.net/food-log/i34fu2s24tpdc151q1x2c.jpg,False
2022-05-02T16:54:58.000Z,2022-05-02 11:54:58,,food,Bone broth,https://levels.imgix.net/food-log/wqcz35ocp9p8yn8ufemq9m.jpg,False
2022-05-02T16:49:50.844Z,2022-05-02 11:49:50,,food,Athletic greens with creatine,https://levels.imgix.net/food-log/vnmggrojx8a7sl03j8e7fe.jpg,False
2022-05-02T15:40:27.941Z,2022-05-02 10:40:27,2022-05-02T16:15:28.211Z,exercise,Cycling,,False
2022-05-02T15:08:08.988Z,2022-05-02 10:08:08,2022-05-02T15:20:11.219Z,exercise,Functional Strength Training,,False
2022-05-02T14:19:48.859Z,2022-05-02 09:19:48,2022-05-02T14:34:29.093Z,exercise,Functional Strength Training,,False
2022-05-02T14:07:22.048Z,2022-05-02 09:07:22,2022-05-02T14:19:31.920Z,exercise,Walking,,False
2022-05-02T11:54:57.000Z,2022-05-02 06:54:57,2022-05-02T13:48:13.000Z,sleep,Sleep,,False
2022-05-02T08:51:27.000Z,2022-05-02 03:51:27,2022-05-02T13:48:13.000Z,sleep,Sleep,,False
2022-05-02T00:45:49.224Z,2022-05-01 19:45:49,,food,Almond butter toast,https://levels.imgix.net/food-log/xs9fz1m5xcmxy8jnkqhc7.jpg,False
2022-05-02T00:13:58.000Z,2022-05-01 19:13:58,,food,Almond cookie and dark chocolate,,False
2022-05-01T23:26:05.966Z,2022-05-01 18:26:05,,food,Peking duck dinner,https://levels.imgix.net/food-log/ij2ir4w8mlggirmivtipv.jpg,False
2022-05-01T21:47:25.182Z,2022-05-01 16:47:25,,food,Greek bowl leftovers,https://levels.imgix.net/food-log/5rrnnvnhrg1jnez9doo8z.jpg,False
2022-05-01T21:45:17.914Z,2022-05-01 16:45:17,,food,Athletic greens with creatine,https://levels.imgix.net/food-log/vnmggrojx8a7sl03j8e7fe.jpg,False
2022-05-01T17:04:58.350Z,2022-05-01 12:04:58,,food,"Dunkin egg bites and egg, turkey sausage sandwich",https://levels.imgix.net/food-log/858nmrbloumt9itbapa4e.jpg,False
2022-05-01T05:29:42.000Z,2022-05-01 00:29:42,2022-05-01T12:43:12.000Z,sleep,Sleep,,False
2022-05-01T05:29:35.000Z,2022-05-01 00:29:35,2022-05-01T05:30:05.000Z,sleep,Sleep,,False
2022-05-01T04:51:32.219Z,2022-04-30 23:51:32,,food,Jj 12,,False
2022-05-01T04:49:30.555Z,2022-04-30 23:49:30,,food,JJ 7,,False
2022-05-01T04:47:20.000Z,2022-04-30 23:47:20,,food,JJ 7,,False
2022-04-30T22:55:43.000Z,2022-04-30 17:55:43,,food,Bulrush STL,,False
2022-04-30T18:18:13.000Z,2022-04-30 13:18:13,,food,Grilled chick fil a sandwich with grilled nuggets,https://levels.imgix.net/food-log/sblzr2lvs4y0of4ji8qwj.jpg,False
2022-04-30T15:56:29.068Z,2022-04-30 10:56:29,2022-04-30T16:12:30.687Z,exercise,Walking,,False
2022-04-30T15:08:59.003Z,2022-04-30 10:08:59,,food,"Athletic greens with creatine alongside 4 eggs, butter toast, almond butter toast",https://levels.imgix.net/food-log/h87ml0611k5w2ejlh85dl.jpg,False
2022-04-30T03:23:07.000Z,2022-04-29 22:23:07,2022-04-30T13:55:07.000Z,sleep,Sleep,,False
2022-04-30T00:18:05.492Z,2022-04-29 19:18:05,,food,Mediterranean night,https://levels.imgix.net/food-log/kt6xfht8zqblmlqi0rk7o.jpg,False
2022-04-29T19:28:27.580Z,2022-04-29 14:28:27,,food,4 eggs with butter toast alongside muesli mix and althletic greens,https://levels.imgix.net/food-log/bphi0qo1gp8oy28cddi6g.jpg,False
2022-04-29T17:41:41.476Z,2022-04-29 12:41:41,2022-04-29T17:53:42.647Z,exercise,Functional Strength Training,,False
2022-04-29T17:13:03.511Z,2022-04-29 12:13:03,2022-04-29T17:37:27.420Z,exercise,Walking,,False
2022-04-29T15:06:37.105Z,2022-04-29 10:06:37,2022-04-29T16:53:03.653Z,exercise,Functional Strength Training,,False
2022-04-29T13:49:26.822Z,2022-04-29 08:49:26,2022-04-29T14:12:59.698Z,exercise,Walking,,False
2022-04-29T11:23:02.000Z,2022-04-29 06:23:02,2022-04-29T12:28:02.000Z,sleep,Sleep,,False
2022-04-29T04:40:02.000Z,2022-04-28 23:40:02,2022-04-29T12:28:02.000Z,sleep,Sleep,,False
2022-04-29T00:45:39.051Z,2022-04-28 19:45:39,,food,tiramisu,https://levels.imgix.net/food-log/wo2gzaqzjzkgi8kb0bsnse.jpg,False
2022-04-28T23:55:26.480Z,2022-04-28 18:55:26,,food,Tortello takeout,https://levels.imgix.net/food-log/7m7qqy6itgetmxqxsqj9m.jpg,False
2022-04-28T19:54:04.845Z,2022-04-28 14:54:04,,food,"Leftover chicken breast, broccoli, cauliflower rice alongside kombucha",https://levels.imgix.net/food-log/77ndp4u96r9u3poscn5cwm.jpg,False
2022-04-28T17:44:12.918Z,2022-04-28 12:44:12,,food,"3 eggs, butter toast, almond butter toast",https://levels.imgix.net/food-log/44v643euan34ij74ognu53.jpg,False
2022-04-28T17:38:27.377Z,2022-04-28 12:38:27,,food,Bone broth,https://levels.imgix.net/food-log/wqcz35ocp9p8yn8ufemq9m.jpg,False
2022-04-28T16:56:32.508Z,2022-04-28 11:56:32,2022-04-28T17:30:31.633Z,exercise,Functional Strength Training,,False
2022-04-28T15:02:26.099Z,2022-04-28 10:02:26,,food,"Muesli with almond butter, chia seeds, collagen, creatine, kefir, cinnamon alongisde coffee",https://levels.imgix.net/food-log/tmyyykxv53nzkus2s0fzv.jpg,False
2022-04-28T07:39:41.000Z,2022-04-28 02:39:41,2022-04-28T12:57:58.000Z,sleep,Sleep,,False
2022-04-28T03:41:11.000Z,2022-04-27 22:41:11,2022-04-28T12:57:58.000Z,sleep,Sleep,,False
2022-04-28T02:14:53.847Z,2022-04-27 21:14:53,2022-04-28T02:35:46.488Z,exercise,Other,,False
2022-04-28T00:38:50.670Z,2022-04-27 19:38:50,,food,"Chicken breast, broccoli, cauliflower rice",,False
2022-04-28T00:00:43.000Z,2022-04-27 19:00:43,,food,Bone broth,,False
2022-04-27T23:45:47.827Z,2022-04-27 18:45:47,2022-04-28T00:13:16.300Z,exercise,Walking,,False
2022-04-27T23:09:26.756Z,2022-04-27 18:09:26,2022-04-27T23:38:26.885Z,exercise,Traditional Strength Training,,False
2022-04-27T22:50:40.381Z,2022-04-27 17:50:40,2022-04-27T23:05:02.582Z,exercise,Functional Strength Training,,False
2022-04-27T22:13:45.918Z,2022-04-27 17:13:45,2022-04-27T22:27:50.908Z,exercise,Walking,,False
2022-04-27T20:13:12.476Z,2022-04-27 15:13:12,,food,"3 eggs, butter toast, almond butter toast",https://levels.imgix.net/food-log/i71vimougeju3e99pn8eh.jpg,False
2022-04-27T17:31:57.783Z,2022-04-27 12:31:57,,food,"3 eggs, butter toast, almond butter toast alongside tumeric tea",https://levels.imgix.net/food-log/xksxikovcmf6cxw2f2whx7.jpg,False
2022-04-27T15:51:35.171Z,2022-04-27 10:51:35,2022-04-27T16:03:35.907Z,exercise,Functional Strength Training,,False
2022-04-27T15:32:30.304Z,2022-04-27 10:32:30,2022-04-27T15:48:12.609Z,exercise,Yoga,,False
2022-04-27T14:57:43.412Z,2022-04-27 09:57:43,2022-04-27T15:19:08.232Z,exercise,Walking,,False
2022-04-27T14:40:46.064Z,2022-04-27 09:40:46,,food,"Muesli with almond butter, chia seeds, collagen, creatine, kefir, cinnamon alongisde coffee",https://levels.imgix.net/food-log/i1cejzt9nqawi8b118q0i.jpg,False
2022-04-27T14:05:53.000Z,2022-04-27 09:05:53,,food,Athletic greens,,False
2022-04-27T12:31:21.000Z,2022-04-27 07:31:21,2022-04-27T12:54:21.000Z,sleep,Sleep,,False
2022-04-27T02:37:19.000Z,2022-04-26 21:37:19,2022-04-27T12:54:21.000Z,sleep,Sleep,,False
2022-04-27T01:07:31.451Z,2022-04-26 20:07:31,,food,Almond butter Ezekiel toast,,False
2022-04-27T00:24:39.123Z,2022-04-26 19:24:39,2022-04-27T00:40:20.161Z,exercise,Cycling,,False
2022-04-26T22:47:35.416Z,2022-04-26 17:47:35,,food,Chips and guacamole,,False
2022-04-26T22:34:25.000Z,2022-04-26 17:34:25,,food,Margarita,,False
2022-04-26T21:48:58.201Z,2022-04-26 16:48:58,2022-04-26T22:02:27.546Z,exercise,Cycling,,False
2022-04-26T21:22:31.781Z,2022-04-26 16:22:31,,food,kombucha,https://levels.imgix.net/food-log/ai2wqluhixm3nynqtaf803.jpg,False
2022-04-26T19:04:36.079Z,2022-04-26 14:04:36,2022-04-26T19:23:49.405Z,exercise,Walking,,False
2022-04-26T18:39:10.135Z,2022-04-26 13:39:10,,food,Almond butter toast and leftover bbq,https://levels.imgix.net/food-log/926bfzejaef51rpqpa2bwc.jpg,False
2022-04-26T17:39:54.840Z,2022-04-26 12:39:54,,food,Kale orzo salad,https://levels.imgix.net/food-log/25k0iyr9x6yty15nahiihc.jpg,False
2022-04-26T16:53:32.337Z,2022-04-26 11:53:32,2022-04-26T17:05:01.765Z,exercise,Functional Strength Training,,False
2022-04-26T15:40:14.490Z,2022-04-26 10:40:14,,food,"Muesli with almond butter, chia seeds, collagen, creatine, kefir, cinnamon alongisde coffee",https://levels.imgix.net/food-log/keochaflsvhcqut30i4rlu.jpg,False
2022-04-26T15:00:31.000Z,2022-04-26 10:00:31,,food,Athletic greens,,False
2022-04-26T03:25:07.000Z,2022-04-25 22:25:07,2022-04-26T13:25:07.000Z,sleep,Sleep,,False
2022-04-26T00:06:42.932Z,2022-04-25 19:06:42,,food,Bbq,https://levels.imgix.net/food-log/34g8y6g6q364zfpulbn1yr.jpg,False
2022-04-25T23:16:53.533Z,2022-04-25 18:16:53,,food,raspberry,https://levels.imgix.net/food-log/xqusmitb19dxgqbl19nj4.jpg,False
2022-04-25T22:39:07.587Z,2022-04-25 17:39:07,,food,Sardines,https://levels.imgix.net/food-log/rjpafucby4erjlc2mhse7.jpg,False
2022-04-25T21:00:28.742Z,2022-04-25 16:00:28,2022-04-25T21:38:11.130Z,exercise,Functional Strength Training,,False
2022-04-25T17:24:31.541Z,2022-04-25 12:24:31,,food,Kale orzo salad,https://levels.imgix.net/food-log/o1nhyc38srmzxwpxi9u4j.jpg,False
2022-04-25T16:53:18.598Z,2022-04-25 11:53:18,2022-04-25T17:07:50.765Z,exercise,Walking,,False
2022-04-25T16:17:10.861Z,2022-04-25 11:17:10,,food,"Muesli with almond butter, chia seeds, collagen, creatine, kefir and althetic greens",https://levels.imgix.net/food-log/pbtk1qrhh1rmu6493lfc.jpg,False
2022-04-25T14:56:52.477Z,2022-04-25 09:56:52,2022-04-25T15:26:53.530Z,exercise,Cycling,,False
2022-04-25T13:14:02.615Z,2022-04-25 08:14:02,2022-04-25T13:39:59.673Z,exercise,Walking,,False
2022-04-25T09:36:48.000Z,2022-04-25 04:36:48,2022-04-25T12:46:48.000Z,sleep,Sleep,,False
2022-04-25T02:43:48.000Z,2022-04-24 21:43:48,2022-04-25T12:46:48.000Z,sleep,Sleep,,False
2022-04-24T23:14:31.483Z,2022-04-24 18:14:31,2022-04-24T23:43:31.877Z,exercise,Walking,,False
2022-04-24T12:05:59.000Z,2022-04-24 07:05:59,2022-04-24T15:36:29.000Z,sleep,Sleep,,False
2022-04-24T04:39:37.297Z,2022-04-23 23:39:37,2022-04-24T05:01:10.373Z,exercise,Walking,,False
2022-04-22T13:24:02.745Z,2022-04-22 08:24:02,2022-04-22T13:46:40.192Z,exercise,Walking,,False
2022-04-21T18:25:34.063Z,2022-04-21 13:25:34,2022-04-21T18:48:44.892Z,exercise,Walking,,False
2022-04-21T13:32:29.207Z,2022-04-21 08:32:29,2022-04-21T13:49:15.280Z,exercise,Walking,,False
2022-04-18T15:42:34.359Z,2022-04-18 10:42:34,2022-04-18T16:02:48.391Z,exercise,Walking,,False
2022-04-17T20:07:55.169Z,2022-04-17 15:07:55,2022-04-17T20:48:49.958Z,exercise,Walking,,False
2022-04-16T18:50:01.466Z,2022-04-16 13:50:01,2022-04-16T19:22:26.871Z,exercise,Walking,,False
2022-04-16T06:21:00.483Z,2022-04-16 01:21:00,2022-04-16T06:40:15.898Z,exercise,Walking,,False
2022-04-14T17:50:12.913Z,2022-04-14 12:50:12,2022-04-14T18:22:44.468Z,exercise,Walking,,False
2022-04-13T19:29:00.560Z,2022-04-13 14:29:00,2022-04-13T19:41:05.291Z,exercise,Cycling,,False
2022-04-13T17:37:13.015Z,2022-04-13 12:37:13,2022-04-13T17:50:46.672Z,exercise,Cycling,,False
2022-04-13T15:25:51.759Z,2022-04-13 10:25:51,2022-04-13T15:55:52.435Z,exercise,Cycling,,False
2022-04-13T12:48:14.961Z,2022-04-13 07:48:14,2022-04-13T13:09:42.150Z,exercise,Walking,,False
2022-04-12T22:47:54.605Z,2022-04-12 17:47:54,2022-04-12T23:14:14.605Z,exercise,Functional Strength Training,,False
2022-04-12T18:40:39.886Z,2022-04-12 13:40:39,2022-04-12T18:52:03.822Z,exercise,Functional Strength Training,,False
2022-04-12T18:27:57.085Z,2022-04-12 13:27:57,2022-04-12T18:39:41.584Z,exercise,Walking,,False
2022-04-12T16:47:36.563Z,2022-04-12 11:47:36,2022-04-12T17:09:25.687Z,exercise,Yoga,,False
2022-04-12T13:03:39.038Z,2022-04-12 08:03:39,2022-04-12T13:15:53.394Z,exercise,Walking,,False
2022-04-11T23:00:12.000Z,2022-04-11 18:00:12,2022-04-11T23:20:12.000Z,exercise,Yoga,,False
2022-04-11T22:59:52.077Z,2022-04-11 17:59:52,2022-04-11T23:21:42.386Z,exercise,Yoga,,False
2022-04-11T22:14:25.165Z,2022-04-11 17:14:25,2022-04-11T22:43:05.046Z,exercise,Walking,,False
2022-04-11T15:13:43.087Z,2022-04-11 10:13:43,2022-04-11T15:43:43.761Z,exercise,Cycling,,False
2022-04-11T15:13:42.000Z,2022-04-11 10:13:42,2022-04-11T15:43:49.000Z,exercise,Cycling,,False
2022-04-11T13:26:56.815Z,2022-04-11 08:26:56,2022-04-11T13:47:23.191Z,exercise,Walking,,False
2022-04-11T00:27:45.318Z,2022-04-10 19:27:45,2022-04-11T00:40:58.220Z,exercise,Walking,,False
2022-04-11T00:04:39.224Z,2022-04-10 19:04:39,2022-04-11T00:16:48.461Z,exercise,Walking,,False
2022-04-10T17:40:30.965Z,2022-04-10 12:40:30,2022-04-10T18:35:32.348Z,exercise,Functional Strength Training,,False
2022-04-10T15:14:29.998Z,2022-04-10 10:14:29,2022-04-10T16:05:31.037Z,exercise,Walking,,False
2022-04-10T04:14:35.000Z,2022-04-09 23:14:35,2022-04-10T13:26:05.000Z,sleep,Sleep,,False
2022-04-09T23:26:35.167Z,2022-04-09 18:26:35,2022-04-09T23:55:01.578Z,exercise,Walking,,False
2022-04-09T16:49:20.810Z,2022-04-09 11:49:20,2022-04-09T17:20:40.521Z,exercise,Walking,,False
2022-04-09T13:57:52.181Z,2022-04-09 08:57:52,2022-04-09T14:28:47.164Z,exercise,Functional Strength Training,,False
2022-04-09T13:45:05.876Z,2022-04-09 08:45:05,2022-04-09T13:57:38.369Z,exercise,Walking,,False
2022-04-09T03:07:11.000Z,2022-04-08 22:07:11,2022-04-09T13:13:41.000Z,sleep,Sleep,,False
2022-04-08T23:28:15.430Z,2022-04-08 18:28:15,2022-04-08T23:53:20.488Z,exercise,Walking,,False
2022-04-08T13:19:23.106Z,2022-04-08 08:19:23,2022-04-08T13:37:14.305Z,exercise,Walking,,False
2022-04-07T12:47:02.969Z,2022-04-07 07:47:02,2022-04-07T13:07:03.558Z,exercise,Functional Strength Training,,False
2022-04-07T12:34:40.440Z,2022-04-07 07:34:40,2022-04-07T12:46:34.283Z,exercise,Walking,,False
2022-04-06T20:47:55.351Z,2022-04-06 15:47:55,2022-04-06T21:00:24.679Z,exercise,Functional Strength Training,,False
2022-04-06T13:27:55.380Z,2022-04-06 08:27:55,2022-04-06T13:39:11.208Z,exercise,Walking,,False
2022-04-05T20:47:11.027Z,2022-04-05 15:47:11,2022-04-05T21:14:22.064Z,exercise,Walking,,False
2022-04-05T13:18:02.069Z,2022-04-05 08:18:02,2022-04-05T13:39:12.745Z,exercise,Walking,,False
2022-04-04T17:33:46.199Z,2022-04-04 12:33:46,2022-04-04T17:54:57.889Z,exercise,Walking,,False
2022-04-04T13:28:14.162Z,2022-04-04 08:28:14,2022-04-04T13:48:40.858Z,exercise,Walking,,False
2022-03-30T13:50:05.525Z,2022-03-30 08:50:05,2022-03-30T14:10:56.769Z,exercise,Walking,,False
2022-03-29T22:25:47.333Z,2022-03-29 17:25:47,2022-03-29T22:46:40.847Z,exercise,Walking,,False
2022-03-29T18:16:58.450Z,2022-03-29 13:16:58,2022-03-29T19:38:09.000Z,exercise,Functional Strength Training,,False
2022-03-28T22:21:29.373Z,2022-03-28 17:21:29,2022-03-28T22:44:59.270Z,exercise,Walking,,False
2022-03-28T21:34:27.713Z,2022-03-28 16:34:27,2022-03-28T21:58:08.965Z,exercise,Walking,,False
2022-03-28T19:42:41.342Z,2022-03-28 14:42:41,2022-03-28T20:09:58.399Z,exercise,Walking,,False
2022-03-28T18:10:09.915Z,2022-03-28 13:10:09,2022-03-28T18:31:54.035Z,exercise,Walking,,False
2022-03-27T07:30:42.000Z,2022-03-27 02:30:42,2022-03-27T14:53:42.000Z,sleep,Sleep,,False
2022-03-26T10:13:27.000Z,2022-03-26 05:13:27,2022-03-26T14:57:57.000Z,sleep,Sleep,,False
2022-03-25T13:35:45.660Z,2022-03-25 08:35:45,2022-03-25T13:58:51.283Z,exercise,Walking,,False
2022-03-24T13:13:12.720Z,2022-03-24 08:13:12,2022-03-24T13:32:37.813Z,exercise,Walking,,False
2022-03-23T13:40:41.729Z,2022-03-23 08:40:41,2022-03-23T14:00:53.512Z,exercise,Walking,,False
2022-03-22T13:11:38.086Z,2022-03-22 08:11:38,2022-03-22T13:31:17.919Z,exercise,Walking,,False
2022-03-21T23:40:29.684Z,2022-03-21 18:40:29,2022-03-22T00:28:39.854Z,exercise,Walking,,False
2022-03-21T18:15:16.294Z,2022-03-21 13:15:16,2022-03-21T18:37:55.355Z,exercise,Walking,,False
2022-03-21T13:20:11.454Z,2022-03-21 08:20:11,2022-03-21T13:40:04.602Z,exercise,Walking,,False
2022-03-20T18:31:00.874Z,2022-03-20 13:31:00,2022-03-20T18:57:33.717Z,exercise,Walking,,False
2022-03-20T14:49:59.000Z,2022-03-20 09:49:59,2022-03-20T15:09:59.000Z,exercise,Yoga,,False
2022-03-20T13:49:06.557Z,2022-03-20 08:49:06,2022-03-20T14:15:19.362Z,exercise,Walking,,False
2022-03-19T14:50:00.496Z,2022-03-19 09:50:00,2022-03-19T15:10:06.073Z,exercise,Walking,,False
2022-03-18T13:33:45.170Z,2022-03-18 08:33:45,2022-03-18T13:55:53.508Z,exercise,Walking,,False
2022-03-17T14:02:14.758Z,2022-03-17 09:02:14,2022-03-17T14:23:16.632Z,exercise,Walking,,False
2022-03-16T19:55:55.351Z,2022-03-16 14:55:55,2022-03-16T20:32:32.570Z,exercise,Walking,,False
2022-03-16T16:44:00.329Z,2022-03-16 11:44:00,2022-03-16T17:09:32.160Z,exercise,Walking,,False
2022-03-15T20:48:57.889Z,2022-03-15 15:48:57,2022-03-15T21:01:15.735Z,exercise,Walking,,False
2022-03-14T18:29:40.599Z,2022-03-14 13:29:40,2022-03-14T18:47:22.695Z,exercise,Walking,,False
2022-03-14T13:44:35.791Z,2022-03-14 08:44:35,2022-03-14T14:04:42.458Z,exercise,Walking,,False
2022-03-14T01:34:54.000Z,2022-03-13 20:34:54,2022-03-14T02:04:54.000Z,exercise,Yoga,,False
2022-03-14T01:17:56.463Z,2022-03-13 20:17:56,2022-03-14T02:05:16.329Z,exercise,Yoga,,False
2022-03-14T01:05:28.000Z,2022-03-13 20:05:28,2022-03-14T01:16:28.000Z,exercise,Preparation and Recovery,,False
2022-03-14T01:05:12.571Z,2022-03-13 20:05:12,2022-03-14T01:16:40.023Z,exercise,Other,,False
2022-03-13T22:20:31.566Z,2022-03-13 17:20:31,2022-03-13T23:00:17.270Z,exercise,Walking,,False
2022-03-13T14:24:05.814Z,2022-03-13 09:24:05,2022-03-13T14:40:07.719Z,exercise,Walking,,False
2022-03-12T15:51:25.886Z,2022-03-12 09:51:25,2022-03-12T16:18:16.067Z,exercise,Walking,,False
2022-03-12T14:29:54.210Z,2022-03-12 08:29:54,2022-03-12T14:48:40.016Z,exercise,Walking,,False
2022-02-25T05:24:17.000Z,2022-02-24 23:24:17,2022-02-25T14:07:47.000Z,sleep,Sleep,,False
2022-02-24T23:01:48.585Z,2022-02-24 17:01:48,2022-02-24T23:46:06.992Z,exercise,Functional Strength Training,,False
2022-02-24T15:14:30.115Z,2022-02-24 09:14:30,2022-02-24T15:37:46.244Z,exercise,Walking,,False
2022-02-24T04:16:29.000Z,2022-02-23 22:16:29,2022-02-24T14:31:29.000Z,sleep,Sleep,,False
2022-02-23T17:00:45.098Z,2022-02-23 11:00:45,2022-02-23T17:24:40.436Z,exercise,Walking,,False
2022-02-22T14:52:30.735Z,2022-02-22 08:52:30,2022-02-22T15:13:12.256Z,exercise,Walking,,False
2022-02-21T16:55:06.395Z,2022-02-21 10:55:06,2022-02-21T17:40:34.303Z,exercise,Cycling,,False
2022-02-21T15:41:08.260Z,2022-02-21 09:41:08,2022-02-21T16:00:58.558Z,exercise,Walking,,False
2022-02-21T05:06:24.000Z,2022-02-20 23:06:24,2022-02-21T15:24:54.000Z,sleep,Sleep,,False
2022-02-21T00:18:35.235Z,2022-02-20 18:18:35,2022-02-21T01:04:19.780Z,exercise,Walking,,False
2022-02-20T22:34:55.725Z,2022-02-20 16:34:55,2022-02-20T22:57:38.876Z,exercise,Yoga,,False
2022-02-20T05:06:00.000Z,2022-02-19 23:06:00,2022-02-20T15:23:30.000Z,sleep,Sleep,,False
2022-02-19T18:56:45.808Z,2022-02-19 12:56:45,2022-02-19T19:10:04.514Z,exercise,Walking,,False
2022-02-19T17:43:13.636Z,2022-02-19 11:43:13,2022-02-19T18:09:01.594Z,exercise,Walking,,False
2022-02-19T14:05:03.000Z,2022-02-19 08:05:03,2022-02-19T15:35:03.000Z,sleep,Sleep,,False
2022-02-19T09:31:03.000Z,2022-02-19 03:31:03,2022-02-19T15:35:03.000Z,sleep,Sleep,,False
2022-02-19T00:28:47.400Z,2022-02-18 18:28:47,2022-02-19T00:58:13.621Z,exercise,Walking,,False
2022-02-18T19:39:22.347Z,2022-02-18 13:39:22,2022-02-18T19:57:51.208Z,exercise,Walking,,False
2022-02-18T14:03:11.655Z,2022-02-18 08:03:11,2022-02-18T14:25:57.029Z,exercise,Walking,,False
2022-02-18T07:47:17.000Z,2022-02-18 01:47:17,2022-02-18T13:38:17.000Z,sleep,Sleep,,False
2022-02-18T05:01:47.000Z,2022-02-17 23:01:47,2022-02-18T13:38:17.000Z,sleep,Sleep,,False
2022-02-17T21:30:24.007Z,2022-02-17 15:30:24,,food,Almond butter toast,https://levels.imgix.net/food-log/l9buh7gwsk8u69yad6azk.jpg,False
2022-02-17T18:18:40.670Z,2022-02-17 12:18:40,,food,"Leftover salad, shrimp, tofu",https://levels.imgix.net/food-log/g7jrra1nf76wx52stbrfw.jpg,False
2022-02-17T16:32:38.084Z,2022-02-17 10:32:38,,food,Green smoothie,https://levels.imgix.net/food-log/jmqku1usf0grt5cstsdw9d.jpg,False
2022-02-17T14:33:02.989Z,2022-02-17 08:33:02,2022-02-17T14:51:24.065Z,exercise,Walking,,False
2022-02-17T04:54:16.000Z,2022-02-16 22:54:16,2022-02-17T14:16:46.000Z,sleep,Sleep,,False
2022-02-17T01:07:06.029Z,2022-02-16 19:07:06,,food,Shrimp kale orzo salad,https://levels.imgix.net/food-log/ai5x9l9gsdan9b031vag.jpg,False
2022-02-16T17:54:52.513Z,2022-02-16 11:54:52,,food,"Green smoothie, 3 eggs, butter toast, almond butter toast",https://levels.imgix.net/food-log/h1tj308ybi5wobc15wd8i.jpg,False
2022-02-16T14:08:50.773Z,2022-02-16 08:08:50,2022-02-16T14:28:14.200Z,exercise,Walking,,False
2022-02-16T13:52:03.000Z,2022-02-16 07:52:03,2022-02-16T13:52:33.000Z,sleep,Sleep,,False
2022-02-16T03:45:33.000Z,2022-02-15 21:45:33,2022-02-16T13:52:33.000Z,sleep,Sleep,,False
2022-02-16T03:44:03.000Z,2022-02-15 21:44:03,2022-02-16T13:52:33.000Z,sleep,Sleep,,False
2022-02-15T08:51:53.000Z,2022-02-15 02:51:53,2022-02-15T14:53:53.000Z,sleep,Sleep,,False
2022-02-15T05:34:23.000Z,2022-02-14 23:34:23,2022-02-15T14:53:53.000Z,sleep,Sleep,,False
2022-02-14T07:54:50.000Z,2022-02-14 01:54:50,2022-02-14T14:38:50.000Z,sleep,Sleep,,False
2022-02-11T15:46:28.530Z,2022-02-11 09:46:28,,food,One sous vide egg bite with bacon and Gruy√®re,,False
2022-02-11T15:35:23.343Z,2022-02-11 09:35:23,,food,Spinach and feta egg wrap,https://levels.imgix.net/food-log/q65r7pedndqxl1qjnhi9.jpg,False
2022-02-11T13:48:26.115Z,2022-02-11 07:48:26,2022-02-11T14:07:33.196Z,exercise,Functional Strength Training,,False
2022-02-11T05:46:42.000Z,2022-02-10 23:46:42,2022-02-11T13:17:12.000Z,sleep,Sleep,,False
2022-02-10T14:16:15.190Z,2022-02-10 08:16:15,2022-02-10T14:36:35.613Z,exercise,Walking,,False
2022-02-10T04:27:52.000Z,2022-02-09 22:27:52,2022-02-10T13:28:52.000Z,sleep,Sleep,,False
2022-02-10T00:31:28.207Z,2022-02-09 18:31:28,2022-02-10T01:00:47.997Z,exercise,Walking,,False
2022-02-09T18:32:50.849Z,2022-02-09 12:32:50,2022-02-09T19:02:49.136Z,exercise,Walking,,False
2022-02-09T17:05:36.316Z,2022-02-09 11:05:36,,food,Chorizo and eggs,https://levels.imgix.net/food-log/08b0o8og3zie0jmaoy5cgm.jpg,False
2022-02-09T04:50:27.000Z,2022-02-08 22:50:27,2022-02-09T13:05:57.000Z,sleep,Sleep,,False
2022-02-09T01:37:00.588Z,2022-02-08 19:37:00,,food,Salmon and broccoli ,https://levels.imgix.net/food-log/fuv9oyoxxcuqq6rk7gge5a.jpg,False
2022-02-08T20:11:58.540Z,2022-02-08 14:11:58,,food,Miso soup,https://levels.imgix.net/food-log/bnotdlubwnygrwr0zz9dl.jpg,False
2022-02-08T17:48:27.000Z,2022-02-08 11:48:27,,food,Green smoothie,https://levels.imgix.net/food-log/jkwn7lmj55bpri2ht3ci9n.jpg,False
2022-02-08T14:47:10.227Z,2022-02-08 08:47:10,,food,"3 eggs butter toast, almond butter toast",https://levels.imgix.net/food-log/nt0331crzobkd5pipw756f.jpg,False
2022-02-08T04:58:38.000Z,2022-02-07 22:58:38,2022-02-08T13:22:08.000Z,sleep,Sleep,,False
2022-02-08T04:58:10.000Z,2022-02-07 22:58:10,2022-02-08T14:20:40.000Z,sleep,Sleep,,False
2022-02-07T23:51:10.978Z,2022-02-07 17:51:10,2022-02-08T00:14:16.435Z,exercise,Functional Strength Training,,False
2022-02-07T20:29:05.000Z,2022-02-07 14:29:05,,food,Leftover soup,https://levels.imgix.net/food-log/zy558n3ioucyp0qqfgnea.jpg,False
2022-02-07T18:58:03.269Z,2022-02-07 12:58:03,2022-02-07T19:16:46.261Z,exercise,Walking,,False
2022-02-07T17:30:08.283Z,2022-02-07 11:30:08,,food,Green smoothie,https://levels.imgix.net/food-log/j021qsflo5rajczszqqg6.jpg,False
2022-02-07T15:06:30.863Z,2022-02-07 09:06:30,,food,"3 eggs butter toast, almond butter toast",https://levels.imgix.net/food-log/yspu8i1vraofqdbp4nlcp.jpg,False
2022-02-07T04:13:45.000Z,2022-02-06 22:13:45,2022-02-07T14:01:45.000Z,sleep,Sleep,,False
2022-02-07T01:06:26.073Z,2022-02-06 19:06:26,,food,Italian wedding chicken soup,https://levels.imgix.net/food-log/26mtxca9ct6422nh8m8vx2.jpg,False
2022-02-06T08:04:51.000Z,2022-02-06 02:04:51,2022-02-06T15:10:21.000Z,sleep,Sleep,,False
2022-02-06T04:52:14.691Z,2022-02-05 22:52:14,2022-02-06T05:14:27.694Z,exercise,Walking,,False
2022-02-05T16:34:26.933Z,2022-02-05 10:34:26,,food,"3 eggs butter toast, almond butter toast",https://levels.imgix.net/food-log/1m3s4ks05xepdaliiyg6v.jpg,False
2022-02-05T05:41:18.000Z,2022-02-04 23:41:18,2022-02-05T14:14:48.000Z,sleep,Sleep,,False
2022-02-05T05:40:59.000Z,2022-02-04 23:40:59,2022-02-05T14:43:59.000Z,sleep,Sleep,,False
2022-02-04T23:22:39.827Z,2022-02-04 17:22:39,2022-02-05T00:42:10.104Z,exercise,Functional Strength Training,,False
2022-02-04T19:07:44.008Z,2022-02-04 13:07:44,,food,Chicken thigh Caesar salad,https://levels.imgix.net/food-log/btctkgyikqngvczy4npglq.jpg,False
2022-02-04T03:56:21.000Z,2022-02-03 21:56:21,2022-02-04T14:15:51.000Z,sleep,Sleep,,False
2022-02-03T17:48:32.153Z,2022-02-03 11:48:32,,food,Green smoothie,https://levels.imgix.net/food-log/wkk8l0l94zftn3ok367q.jpg,False
2022-02-03T17:31:17.191Z,2022-02-03 11:31:17,2022-02-03T17:45:14.782Z,exercise,Walking,,False
2022-02-03T16:41:57.625Z,2022-02-03 10:41:57,,food,"3 eggs butter toast, almond butter toast",https://levels.imgix.net/food-log/51wl53t62m5pvoz6czcsgp.jpg,False
2022-02-03T04:53:46.000Z,2022-02-02 22:53:46,2022-02-03T14:18:46.000Z,sleep,Sleep,,False
2022-02-03T01:35:49.293Z,2022-02-02 19:35:49,,food,"Pork tenderloin, broccoli , risotto",https://levels.imgix.net/food-log/wpkz8o2a72l8slgth2x1zl.jpg,False
2022-02-02T22:34:47.686Z,2022-02-02 16:34:47,2022-02-03T00:21:46.601Z,exercise,Functional Strength Training,,False
2022-02-02T04:49:24.000Z,2022-02-01 22:49:24,2022-02-02T14:40:54.000Z,sleep,Sleep,,False
2022-02-02T02:14:57.807Z,2022-02-01 20:14:57,,food,Coffee cake,https://levels.imgix.net/food-log/e9r8g2r29c5g6k4ooxyexp.jpg,False
2022-02-02T01:49:22.384Z,2022-02-01 19:49:22,,food,Birria tacos,https://levels.imgix.net/food-log/rw742jvv5gpgh67m1o9rrn.jpg,False
2022-02-01T21:49:33.794Z,2022-02-01 15:49:33,2022-02-01T23:29:40.523Z,exercise,Functional Strength Training,,False
2022-02-01T20:20:30.000Z,2022-02-01 14:20:30,,food,Sardines,,False
2022-02-01T20:13:40.000Z,2022-02-01 14:13:40,,food,Dark chocolate almonds,,False
2022-02-01T16:50:44.000Z,2022-02-01 10:50:44,,food,Green smoothie,https://levels.imgix.net/food-log/5asbcojq7q9fiulxndo6ih.jpg,False
2022-02-01T16:34:32.714Z,2022-02-01 10:34:32,,food,"4 eggs, butter toast, almond butter toast",https://levels.imgix.net/food-log/sedgjaziu2cdphvjfljp.jpg,False
2022-02-01T14:21:50.128Z,2022-02-01 08:21:50,2022-02-01T14:41:52.677Z,exercise,Walking,,False
2022-02-01T04:18:56.000Z,2022-01-31 22:18:56,2022-02-01T13:48:26.000Z,sleep,Sleep,,False
2022-02-01T00:56:46.631Z,2022-01-31 18:56:46,,food,Miso ramen,https://levels.imgix.net/food-log/44dr1kwg0qljw5m87waanq.jpg,False
2022-01-31T18:16:36.394Z,2022-01-31 12:16:36,,food,Ezekiel French toast,https://levels.imgix.net/food-log/0l8s6o2le5kf6e8bqkndc7.jpg,False
2022-01-31T18:04:31.916Z,2022-01-31 12:04:31,,food,Sardines,https://levels.imgix.net/food-log/8sfdap5ouol38b2urxeirv.jpg,False
2022-01-31T18:01:13.666Z,2022-01-31 12:01:13,,food,Leftover paella,https://levels.imgix.net/food-log/85xdwwuxs4emrsm6g5g8j.jpg,False
2022-01-31T17:13:26.758Z,2022-01-31 11:13:26,2022-01-31T17:58:29.062Z,exercise,Cycling,,False
2022-01-31T14:44:40.734Z,2022-01-31 08:44:40,2022-01-31T15:05:18.235Z,exercise,Walking,,False
2022-01-31T04:34:33.000Z,2022-01-30 22:34:33,2022-01-31T14:01:33.000Z,sleep,Sleep,,False
2022-01-30T16:39:22.473Z,2022-01-30 10:39:22,2022-01-30T16:57:17.344Z,exercise,Walking,,False
2022-01-30T06:53:24.000Z,2022-01-30 00:53:24,2022-01-30T15:00:24.000Z,sleep,Sleep,,False
2022-01-30T00:34:37.184Z,2022-01-29 18:34:37,,food,Nashville hot chicken sandwich with sweet potato fries,https://levels.imgix.net/food-log/uy9y2x8ywu4nzjyk34526.jpg,False
2022-01-29T19:37:49.936Z,2022-01-29 13:37:49,,food,Sandwich ,https://levels.imgix.net/food-log/qwybciw4autq78d3twjoa.jpg,False
2022-01-29T15:59:54.838Z,2022-01-29 09:59:54,,food,"3 eggs, avocado toast, almond butter toast",https://levels.imgix.net/food-log/ypfdb16ikvceoubtefjk2.jpg,False
2022-01-29T06:05:50.000Z,2022-01-29 00:05:50,2022-01-29T14:42:50.000Z,sleep,Sleep,,False
2022-01-28T23:56:00.573Z,2022-01-28 17:56:00,2022-01-29T00:11:01.623Z,exercise,Cycling,,False
2022-01-28T21:13:21.999Z,2022-01-28 15:13:21,,food,Leftover salad and chicken ,https://levels.imgix.net/food-log/kdj9c1i1lsne4fu3r28tfn.jpg,False
2022-01-28T17:45:13.863Z,2022-01-28 11:45:13,,food,Avocado toast with salmon and chives,https://levels.imgix.net/food-log/ud9ofsb95ooqzb5pcz3hq.jpg,False
2022-01-28T04:59:33.000Z,2022-01-27 22:59:33,2022-01-28T14:32:33.000Z,sleep,Sleep,,False
2022-01-28T03:56:49.664Z,2022-01-27 21:56:49,,note,"Salad with athletic greens, orzo, spiced chickpea, red pepper, dill , feta, red onion ( ice to cut the bite),( spiced with red pepper flake, turmeric , cumin, coriander, garlic, EVOO) ++lemon",https://levels.imgix.net/food-log/01l5z9xv135qktmv4401w9.jpg,False
2022-01-28T00:56:15.563Z,2022-01-27 18:56:15,,food,Salad and chicken,https://levels.imgix.net/food-log/glgaiceoy1vz173mz2bjrp.jpg,False
2022-01-28T00:18:08.856Z,2022-01-27 18:18:08,2022-01-28T00:49:46.009Z,exercise,Functional Strength Training,,False
2022-01-27T23:56:37.493Z,2022-01-27 17:56:37,2022-01-28T00:14:43.746Z,exercise,Walking,,False
2022-01-27T18:15:23.624Z,2022-01-27 12:15:23,,food,"4 eggs with spinach, feta, green onions, toast, smoothie",https://levels.imgix.net/food-log/hb5tafhgv9dpfkkiqqnyq.jpg,False
2022-01-27T05:03:50.000Z,2022-01-26 23:03:50,2022-01-27T14:24:50.000Z,sleep,Sleep,,False
2022-01-27T02:09:20.286Z,2022-01-26 20:09:20,,food,"Leftover salad, chicken",https://levels.imgix.net/food-log/qh1u791839krddzpw5a1b.jpg,False
2022-01-27T01:33:14.826Z,2022-01-26 19:33:14,2022-01-27T01:46:28.719Z,exercise,Walking,,False
2022-01-26T21:58:00.021Z,2022-01-26 15:58:00,,food,Leftover curry,https://levels.imgix.net/food-log/z5zn111uziewp6394gmm7b.jpg,False
2022-01-26T18:39:17.708Z,2022-01-26 12:39:17,,food,Smoothie,https://levels.imgix.net/food-log/v7ryi9evo8yoah0gzq95.jpg,False
2022-01-26T17:50:03.198Z,2022-01-26 11:50:03,,food,Baked by Melissa salad,https://levels.imgix.net/food-log/dvghibe9xbhlcnlcihvl1a.jpg,False
2022-01-26T14:41:46.401Z,2022-01-26 08:41:46,2022-01-26T14:58:12.611Z,exercise,Walking,,False
2022-01-26T05:13:36.000Z,2022-01-25 23:13:36,2022-01-26T14:21:06.000Z,sleep,Sleep,,False
2022-01-25T17:37:34.498Z,2022-01-25 11:37:34,,food,"3 eggs butter toast, almond butter toast",https://levels.imgix.net/food-log/31rcsj7zymcy7a9tvoe89s.jpg,False
2021-12-13T16:28:05.159Z,2021-12-13 10:28:05,2021-12-13T16:39:12.633Z,exercise,Walking,,False
2021-12-13T16:05:45.529Z,2021-12-13 10:05:45,2021-12-13T16:17:15.074Z,exercise,Walking,,False
2021-12-13T03:12:08.000Z,2021-12-12 21:12:08,2021-12-13T13:26:38.000Z,sleep,Sleep,,False
2021-12-13T01:47:48.055Z,2021-12-12 19:47:48,2021-12-13T02:19:39.544Z,exercise,Yoga,,False
2021-12-11T17:29:47.096Z,2021-12-11 11:29:47,2021-12-11T17:59:13.748Z,exercise,Walking,,False
2021-12-11T15:51:45.601Z,2021-12-11 09:51:45,2021-12-11T16:09:36.368Z,exercise,Yoga,,False
2021-12-06T13:33:46.098Z,2021-12-06 07:33:46,2021-12-06T14:48:12.866Z,exercise,Walking,,False
2021-12-05T22:30:29.048Z,2021-12-05 16:30:29,2021-12-05T22:51:20.666Z,exercise,Yoga,,False
2021-12-04T21:08:01.703Z,2021-12-04 15:08:01,2021-12-04T21:51:16.536Z,exercise,Walking,,False
2021-12-03T20:02:39.232Z,2021-12-03 14:02:39,2021-12-03T20:29:54.580Z,exercise,Walking,,False
2021-12-03T16:14:08.811Z,2021-12-03 10:14:08,2021-12-03T16:38:21.896Z,exercise,Walking,,False
2021-12-02T22:16:21.014Z,2021-12-02 16:16:21,2021-12-02T23:07:29.549Z,exercise,Functional Strength Training,,False
2021-12-02T15:19:21.243Z,2021-12-02 09:19:21,2021-12-02T16:04:27.042Z,exercise,Cycling,,False
2021-12-02T14:37:47.615Z,2021-12-02 08:37:47,2021-12-02T15:01:14.705Z,exercise,Walking,,False
2021-12-02T06:31:24.000Z,2021-12-02 00:31:24,2021-12-02T14:16:24.000Z,sleep,Sleep,,False
2021-12-01T15:08:20.925Z,2021-12-01 09:08:20,2021-12-01T15:35:32.410Z,exercise,Walking,,False
2021-12-01T03:45:29.000Z,2021-11-30 21:45:29,2021-12-01T14:24:15.000Z,sleep,Sleep,,False
2021-11-30T20:16:28.287Z,2021-11-30 14:16:28,2021-11-30T21:36:17.335Z,exercise,Functional Strength Training,,False
2021-11-30T15:28:33.790Z,2021-11-30 09:28:33,2021-11-30T15:51:58.275Z,exercise,Walking,,False
2021-11-30T15:01:36.676Z,2021-11-30 09:01:36,2021-11-30T15:22:26.961Z,exercise,Yoga,,False
2021-11-30T05:28:59.000Z,2021-11-29 23:28:59,2021-11-30T14:26:59.000Z,sleep,Sleep,,False
2021-11-29T16:46:53.950Z,2021-11-29 10:46:53,2021-11-29T17:17:50.723Z,exercise,Cycling,,False
2021-11-29T14:47:49.127Z,2021-11-29 08:47:49,2021-11-29T15:05:55.197Z,exercise,Walking,,False
2021-11-29T04:57:12.000Z,2021-11-28 22:57:12,2021-11-29T14:12:42.000Z,sleep,Sleep,,False
2021-11-27T07:12:31.000Z,2021-11-27 01:12:31,2021-11-27T15:43:01.000Z,sleep,Sleep,,False
2021-11-25T16:39:48.255Z,2021-11-25 10:39:48,2021-11-25T17:17:01.030Z,exercise,Traditional Strength Training,,False
2021-11-25T14:26:08.879Z,2021-11-25 08:26:08,2021-11-25T15:05:31.892Z,exercise,Running,,False
2021-11-23T20:09:48.613Z,2021-11-23 14:09:48,2021-11-23T20:28:54.952Z,exercise,Walking,,False
2021-11-23T04:45:37.000Z,2021-11-22 22:45:37,2021-11-23T13:31:37.000Z,sleep,Sleep,,False
2021-11-22T18:44:24.585Z,2021-11-22 12:44:24,2021-11-22T19:19:56.138Z,exercise,Walking,,False
2021-11-22T03:37:54.000Z,2021-11-21 21:37:54,2021-11-22T12:56:54.000Z,sleep,Sleep,,False
2021-11-21T19:56:21.456Z,2021-11-21 13:56:21,2021-11-21T20:13:49.901Z,exercise,Walking,,False
2021-11-21T18:52:47.521Z,2021-11-21 12:52:47,2021-11-21T19:51:04.790Z,exercise,Traditional Strength Training,,False
2021-11-21T17:11:15.954Z,2021-11-21 11:11:15,2021-11-21T17:39:47.716Z,exercise,Walking,,False
2021-11-21T06:35:25.000Z,2021-11-21 00:35:25,2021-11-21T15:02:55.000Z,sleep,Sleep,,False
2021-11-20T22:44:38.434Z,2021-11-20 16:44:38,2021-11-20T23:32:15.555Z,exercise,Functional Strength Training,,False
2021-11-20T20:38:46.691Z,2021-11-20 14:38:46,2021-11-20T21:05:14.871Z,exercise,Walking,,False
2021-11-20T14:36:11.260Z,2021-11-20 08:36:11,2021-11-20T14:57:10.542Z,exercise,Yoga,,False
2021-11-20T14:06:43.774Z,2021-11-20 08:06:43,2021-11-20T14:32:15.528Z,exercise,Walking,,False
2021-11-20T04:16:39.000Z,2021-11-19 22:16:39,2021-11-20T12:29:09.000Z,sleep,Sleep,,False
2021-11-20T02:30:40.100Z,2021-11-19 20:30:40,2021-11-20T02:41:52.118Z,exercise,Other,,False
2021-11-19T21:58:54.123Z,2021-11-19 15:58:54,2021-11-19T22:13:16.658Z,exercise,Walking,,False
2021-11-19T17:55:47.981Z,2021-11-19 11:55:47,2021-11-19T18:17:41.288Z,exercise,Walking,,False
2021-11-19T16:35:15.206Z,2021-11-19 10:35:15,,note,Pour over coffee,https://levels.imgix.net/food-log/9zzv51zl3mg2bfxgvuebqc.jpg,False
2021-11-19T05:11:27.000Z,2021-11-18 23:11:27,2021-11-19T14:24:57.000Z,sleep,Sleep,,False
2021-11-19T00:11:57.873Z,2021-11-18 18:11:57,2021-11-19T00:27:04.402Z,exercise,Cycling,,False
2021-11-18T14:51:36.268Z,2021-11-18 08:51:36,2021-11-18T15:30:49.852Z,exercise,Walking,,False
2021-11-17T21:16:19.569Z,2021-11-17 15:16:19,2021-11-17T21:56:20.943Z,exercise,Cycling,,False
2021-11-17T19:23:30.232Z,2021-11-17 13:23:30,2021-11-17T19:38:46.592Z,exercise,Yoga,,False
2021-11-17T00:10:43.843Z,2021-11-16 18:10:43,2021-11-17T00:38:17.214Z,exercise,Walking,,False
2021-11-16T19:40:36.921Z,2021-11-16 13:40:36,2021-11-16T20:11:40.584Z,exercise,Walking,,False
2021-11-16T14:38:24.684Z,2021-11-16 08:38:24,2021-11-16T15:02:18.201Z,exercise,Walking,,False
2021-11-16T02:15:36.306Z,2021-11-15 20:15:36,2021-11-16T02:47:04.390Z,exercise,Yoga,,False
2021-11-15T18:57:26.638Z,2021-11-15 12:57:26,2021-11-15T20:02:40.462Z,exercise,Traditional Strength Training,,False
2021-11-15T16:53:21.029Z,2021-11-15 10:53:21,2021-11-15T17:26:32.252Z,exercise,Walking,,False
2021-11-14T18:57:28.046Z,2021-11-14 12:57:28,2021-11-14T20:19:53.463Z,exercise,Traditional Strength Training,,False
2021-11-14T18:21:27.899Z,2021-11-14 12:21:27,2021-11-14T18:44:09.753Z,exercise,Walking,,False
2021-11-14T05:06:02.000Z,2021-11-13 23:06:02,2021-11-14T13:57:02.000Z,sleep,Sleep,,False
2021-11-13T20:34:06.891Z,2021-11-13 14:34:06,2021-11-13T20:58:46.090Z,exercise,Walking,,False
2021-11-12T22:22:00.226Z,2021-11-12 16:22:00,2021-11-12T22:42:17.058Z,exercise,Cycling,,False
2021-11-12T16:36:56.635Z,2021-11-12 10:36:56,2021-11-12T17:01:45.555Z,exercise,Walking,,False
2021-11-11T17:38:01.381Z,2021-11-11 11:38:01,2021-11-11T18:20:25.214Z,exercise,Walking,,False
2021-11-09T23:06:39.800Z,2021-11-09 17:06:39,2021-11-09T23:54:00.312Z,exercise,Walking,,False
2021-11-09T16:09:22.278Z,2021-11-09 10:09:22,2021-11-09T16:50:30.848Z,exercise,Walking,,False
2021-11-09T13:45:03.578Z,2021-11-09 07:45:03,2021-11-09T14:31:55.461Z,exercise,Cycling,,False
2021-11-08T22:49:29.761Z,2021-11-08 16:49:29,2021-11-08T23:14:55.005Z,exercise,Walking,,False
2021-11-08T22:11:02.207Z,2021-11-08 16:11:02,2021-11-08T22:37:43.778Z,exercise,Traditional Strength Training,,False
2021-11-08T16:53:06.532Z,2021-11-08 10:53:06,2021-11-08T17:30:08.209Z,exercise,Walking,,False
2021-11-08T14:11:57.334Z,2021-11-08 08:11:57,2021-11-08T14:23:56.584Z,exercise,Walking,,False
2021-11-08T13:49:13.758Z,2021-11-08 07:49:13,2021-11-08T14:01:30.458Z,exercise,Walking,,False
2021-11-08T04:05:13.000Z,2021-11-07 22:05:13,2021-11-08T13:10:13.000Z,sleep,Sleep,,False
2021-11-07T22:03:01.538Z,2021-11-07 16:03:01,2021-11-07T22:27:01.456Z,exercise,Walking,,False
2021-11-07T18:30:19.360Z,2021-11-07 12:30:19,2021-11-07T18:52:12.806Z,exercise,Functional Strength Training,,False
2021-11-07T18:06:00.477Z,2021-11-07 12:06:00,2021-11-07T18:19:10.801Z,exercise,Walking,,False
2021-11-07T17:35:50.527Z,2021-11-07 11:35:50,2021-11-07T18:05:53.731Z,exercise,Functional Strength Training,,False
2021-11-07T05:48:23.000Z,2021-11-07 00:48:23,2021-11-07T14:06:23.000Z,sleep,Sleep,,False
2021-11-06T19:29:56.841Z,2021-11-06 14:29:56,2021-11-06T20:12:26.369Z,exercise,Walking,,False
2021-11-06T17:23:09.465Z,2021-11-06 12:23:09,2021-11-06T17:36:20.749Z,exercise,Functional Strength Training,,False
2021-11-06T16:55:46.781Z,2021-11-06 11:55:46,2021-11-06T17:17:48.333Z,exercise,Pilates,,False
2021-11-06T16:20:56.145Z,2021-11-06 11:20:56,2021-11-06T16:40:56.578Z,exercise,Cycling,,False
2021-11-06T14:48:43.234Z,2021-11-06 09:48:43,2021-11-06T15:26:12.764Z,exercise,Walking,,False
2021-11-06T04:31:22.000Z,2021-11-05 23:31:22,2021-11-06T13:33:22.000Z,sleep,Sleep,,False
2021-11-05T22:08:15.811Z,2021-11-05 17:08:15,2021-11-05T22:36:45.981Z,exercise,Walking,,False
2021-11-05T21:19:37.907Z,2021-11-05 16:19:37,2021-11-05T22:00:59.781Z,exercise,Traditional Strength Training,,False
2021-11-05T15:33:39.431Z,2021-11-05 10:33:39,2021-11-05T16:02:46.356Z,exercise,Walking,,False
2021-11-05T14:00:35.050Z,2021-11-05 09:00:35,2021-11-05T14:16:19.767Z,exercise,Walking,,False
2021-11-05T05:20:15.000Z,2021-11-05 00:20:15,2021-11-05T13:25:15.000Z,sleep,Sleep,,False
2021-11-04T18:07:36.217Z,2021-11-04 13:07:36,2021-11-04T18:37:22.783Z,exercise,Walking,,False
2021-11-04T13:35:58.202Z,2021-11-04 08:35:58,2021-11-04T13:56:14.819Z,exercise,Walking,,False
2021-11-03T22:38:42.344Z,2021-11-03 17:38:42,2021-11-03T23:05:48.153Z,exercise,Traditional Strength Training,,False
2021-11-03T04:07:59.000Z,2021-11-02 23:07:59,2021-11-03T12:47:29.000Z,sleep,Sleep,,False
2021-11-03T02:04:54.572Z,2021-11-02 21:04:54,2021-11-03T03:07:16.070Z,exercise,Other,,False
2021-11-03T01:05:00.143Z,2021-11-02 20:05:00,2021-11-03T01:29:39.942Z,exercise,Walking,,False
2021-11-02T23:31:29.613Z,2021-11-02 18:31:29,2021-11-02T23:54:58.339Z,exercise,Walking,,False
2021-11-02T22:57:38.316Z,2021-11-02 17:57:38,2021-11-02T23:13:53.229Z,exercise,High Intensity Interval Training,,False
2021-11-02T03:17:28.000Z,2021-11-01 22:17:28,2021-11-02T12:28:58.000Z,sleep,Sleep,,False
2021-11-01T17:52:34.885Z,2021-11-01 12:52:34,2021-11-01T18:51:12.678Z,exercise,Functional Strength Training,,False
2021-11-01T13:03:59.983Z,2021-11-01 08:03:59,2021-11-01T13:28:06.767Z,exercise,Walking,,False
2021-11-01T02:43:06.000Z,2021-10-31 21:43:06,2021-11-01T12:04:06.000Z,sleep,Sleep,,False
2021-10-31T20:34:45.216Z,2021-10-31 15:34:45,2021-10-31T21:03:14.784Z,exercise,Walking,,False
2021-10-30T22:08:52.532Z,2021-10-30 17:08:52,2021-10-30T22:31:08.822Z,exercise,Yoga,,False
2021-10-30T02:55:10.000Z,2021-10-29 21:55:10,2021-10-30T13:28:40.000Z,sleep,Sleep,,False
2021-10-29T07:19:25.000Z,2021-10-29 02:19:25,2021-10-29T13:02:55.000Z,sleep,Sleep,,False
2021-10-28T16:02:18.904Z,2021-10-28 11:02:18,2021-10-28T16:25:00.582Z,exercise,Walking,,False
2021-10-28T15:15:32.560Z,2021-10-28 10:15:32,2021-10-28T15:34:18.860Z,exercise,Walking,,False
2021-10-28T03:16:44.000Z,2021-10-27 22:16:44,2021-10-28T13:19:14.000Z,sleep,Sleep,,False
2021-10-27T13:12:02.044Z,2021-10-27 08:12:02,2021-10-27T13:31:05.219Z,exercise,Walking,,False
2021-10-25T23:30:38.208Z,2021-10-25 18:30:38,2021-10-25T23:57:37.380Z,exercise,Walking,,False
2021-10-25T18:56:39.535Z,2021-10-25 13:56:39,2021-10-25T19:32:49.576Z,exercise,Cycling,,False
2021-10-25T13:48:36.112Z,2021-10-25 08:48:36,2021-10-25T14:10:14.748Z,exercise,Yoga,,False
2021-10-24T17:39:56.914Z,2021-10-24 12:39:56,2021-10-24T17:58:44.160Z,exercise,Walking,,False
2021-10-24T17:05:59.636Z,2021-10-24 12:05:59,2021-10-24T17:26:34.787Z,exercise,Yoga,,False
2021-10-24T03:48:12.000Z,2021-10-23 22:48:12,2021-10-24T13:44:12.000Z,sleep,Sleep,,False
2021-10-24T03:33:05.293Z,2021-10-23 22:33:05,2021-10-24T03:54:27.701Z,exercise,Yoga,,False
2021-10-23T18:59:23.178Z,2021-10-23 13:59:23,2021-10-23T19:33:07.428Z,exercise,Walking,,False
2021-10-23T06:39:58.000Z,2021-10-23 01:39:58,2021-10-23T14:27:28.000Z,sleep,Sleep,,False
2021-10-22T21:08:44.147Z,2021-10-22 16:08:44,2021-10-22T21:35:52.249Z,exercise,Functional Strength Training,,False
2021-10-22T20:20:08.030Z,2021-10-22 15:20:08,2021-10-22T20:43:54.323Z,exercise,Other,,False
2021-10-22T16:11:28.049Z,2021-10-22 11:11:28,2021-10-22T16:56:29.012Z,exercise,Cycling,,False
2021-10-22T14:16:25.108Z,2021-10-22 09:16:25,2021-10-22T14:27:37.463Z,exercise,Walking,,False
2021-10-21T22:10:21.185Z,2021-10-21 17:10:21,2021-10-21T22:27:36.051Z,exercise,Cycling,,False
2021-10-21T18:32:33.123Z,2021-10-21 13:32:33,2021-10-21T19:07:09.029Z,exercise,Functional Strength Training,,False
2021-10-21T14:01:12.682Z,2021-10-21 09:01:12,2021-10-21T14:19:14.395Z,exercise,Walking,,False
2021-10-20T22:35:55.727Z,2021-10-20 17:35:55,2021-10-20T22:48:04.306Z,exercise,Walking,,False
2021-10-20T22:19:56.966Z,2021-10-20 17:19:56,2021-10-20T22:35:47.888Z,exercise,Functional Strength Training,,False
2021-10-20T22:07:35.178Z,2021-10-20 17:07:35,2021-10-20T22:18:40.341Z,exercise,Walking,,False
2021-10-20T21:38:25.027Z,2021-10-20 16:38:25,2021-10-20T21:58:32.415Z,exercise,Functional Strength Training,,False
2021-10-20T15:21:42.948Z,2021-10-20 10:21:42,2021-10-20T15:43:38.201Z,exercise,Yoga,,False
2021-10-20T13:25:52.822Z,2021-10-20 08:25:52,2021-10-20T13:49:43.246Z,exercise,Walking,,False
2021-10-19T19:30:00.932Z,2021-10-19 14:30:00,2021-10-19T20:15:01.564Z,exercise,Cycling,,False
2021-10-19T16:32:16.185Z,2021-10-19 11:32:16,2021-10-19T16:45:44.404Z,exercise,Walking,,False
2021-10-19T13:27:10.188Z,2021-10-19 08:27:10,2021-10-19T13:39:45.683Z,exercise,Walking,,False
2021-10-19T13:00:37.611Z,2021-10-19 08:00:37,2021-10-19T13:12:06.944Z,exercise,Walking,,False
2021-10-18T22:55:00.696Z,2021-10-18 17:55:00,2021-10-18T23:20:49.838Z,exercise,Walking,,False
2021-10-18T13:20:42.785Z,2021-10-18 08:20:42,2021-10-18T13:44:45.323Z,exercise,Walking,,False
2021-10-18T00:04:56.556Z,2021-10-17 19:04:56,2021-10-18T00:33:13.467Z,exercise,Walking,,False
2021-10-17T20:38:38.594Z,2021-10-17 15:38:38,2021-10-17T21:14:49.145Z,exercise,Walking,,False
2021-10-17T15:52:41.611Z,2021-10-17 10:52:41,2021-10-17T16:56:48.415Z,exercise,Walking,,False
2021-10-17T15:20:28.113Z,2021-10-17 10:20:28,2021-10-17T15:52:32.458Z,exercise,Functional Strength Training,,False
2021-10-17T15:08:09.576Z,2021-10-17 10:08:09,2021-10-17T15:19:43.347Z,exercise,Walking,,False
2021-10-17T03:32:09.000Z,2021-10-16 22:32:09,2021-10-17T13:40:09.000Z,sleep,Sleep,,False
2021-10-16T15:08:50.165Z,2021-10-16 10:08:50,2021-10-16T15:27:23.696Z,exercise,Walking,,False
2021-10-16T06:16:14.000Z,2021-10-16 01:16:14,2021-10-16T14:17:14.000Z,sleep,Sleep,,False
2021-10-15T23:17:41.009Z,2021-10-15 18:17:41,2021-10-15T23:45:06.084Z,exercise,Walking,,False
2021-10-15T22:11:27.267Z,2021-10-15 17:11:27,2021-10-15T22:24:40.259Z,exercise,Functional Strength Training,,False
2021-10-15T18:07:08.923Z,2021-10-15 13:07:08,2021-10-15T18:52:11.049Z,exercise,Cycling,,False
2021-10-15T14:08:00.051Z,2021-10-15 09:08:00,2021-10-15T14:56:36.809Z,exercise,Walking,,False
2021-10-14T22:33:27.811Z,2021-10-14 17:33:27,2021-10-14T22:53:40.271Z,exercise,Yoga,,False
2021-10-14T21:58:16.164Z,2021-10-14 16:58:16,2021-10-14T22:10:14.593Z,exercise,Walking,,False
2021-10-14T21:46:39.216Z,2021-10-14 16:46:39,2021-10-14T21:57:50.925Z,exercise,Functional Strength Training,,False
2021-10-14T17:36:42.864Z,2021-10-14 12:36:42,2021-10-14T18:21:55.963Z,exercise,Cycling,,False
2021-10-14T14:29:01.879Z,2021-10-14 09:29:01,2021-10-14T14:45:51.298Z,exercise,Walking,,False
2021-10-14T03:11:07.000Z,2021-10-13 22:11:07,2021-10-14T13:16:37.000Z,sleep,Sleep,,False
2021-10-13T22:37:04.352Z,2021-10-13 17:37:04,2021-10-13T22:58:40.071Z,exercise,Traditional Strength Training,,False
2021-10-13T22:11:41.957Z,2021-10-13 17:11:41,2021-10-13T22:33:11.045Z,exercise,Pilates,,False
2021-10-13T18:17:45.316Z,2021-10-13 13:17:45,2021-10-13T18:39:37.901Z,exercise,Yoga,,False
2021-10-13T15:15:11.543Z,2021-10-13 10:15:11,2021-10-13T15:26:43.935Z,exercise,Walking,,False
2021-10-13T14:56:09.952Z,2021-10-13 09:56:09,2021-10-13T15:07:38.447Z,exercise,Walking,,False
2021-10-13T04:24:41.000Z,2021-10-12 23:24:41,2021-10-13T12:55:44.000Z,sleep,Sleep,,False
2021-10-12T22:12:38.734Z,2021-10-12 17:12:38,2021-10-12T22:31:55.285Z,exercise,Walking,,False
2021-10-12T20:24:05.004Z,2021-10-12 15:24:05,2021-10-12T20:46:07.753Z,exercise,Traditional Strength Training,,False
2021-10-11T22:17:50.777Z,2021-10-11 17:17:50,2021-10-11T22:44:44.611Z,exercise,Walking,,False
2021-10-11T16:53:46.759Z,2021-10-11 11:53:46,2021-10-11T17:38:47.313Z,exercise,Cycling,,False
2021-10-11T16:20:03.729Z,2021-10-11 11:20:03,2021-10-11T16:31:10.470Z,exercise,Traditional Strength Training,,False
2021-10-11T14:00:42.417Z,2021-10-11 09:00:42,2021-10-11T14:12:00.466Z,exercise,Walking,,False
2021-10-11T12:57:45.416Z,2021-10-11 07:57:45,2021-10-11T13:12:46.745Z,exercise,Functional Strength Training,,False
2021-10-10T20:53:03.299Z,2021-10-10 15:53:03,2021-10-10T21:17:08.541Z,exercise,Walking,,False
2021-10-08T12:38:49.025Z,2021-10-08 07:38:49,2021-10-08T13:03:03.433Z,exercise,Walking,,False
2021-10-07T22:59:06.387Z,2021-10-07 17:59:06,2021-10-07T23:13:53.251Z,exercise,Functional Strength Training,,False
2021-10-07T18:56:28.095Z,2021-10-07 13:56:28,2021-10-07T19:09:25.495Z,exercise,Walking,,False
2021-10-07T18:24:14.316Z,2021-10-07 13:24:14,2021-10-07T18:54:32.603Z,exercise,Functional Strength Training,,False
2021-10-07T18:10:51.063Z,2021-10-07 13:10:51,2021-10-07T18:23:14.684Z,exercise,Walking,,False
2021-10-07T17:17:23.779Z,2021-10-07 12:17:23,2021-10-07T17:28:40.764Z,exercise,Traditional Strength Training,,False
2021-10-06T18:36:50.298Z,2021-10-06 13:36:50,2021-10-06T19:21:50.787Z,exercise,Cycling,,False
2021-10-05T03:49:39.000Z,2021-10-04 22:49:39,2021-10-05T12:32:09.000Z,sleep,Sleep,,False
2021-10-04T19:16:49.361Z,2021-10-04 14:16:49,2021-10-04T20:00:27.323Z,exercise,Walking,,False
2021-10-04T03:15:37.000Z,2021-10-03 22:15:37,2021-10-04T13:09:37.000Z,sleep,Sleep,,False
2021-10-02T17:46:38.579Z,2021-10-02 12:46:38,2021-10-02T18:10:27.996Z,exercise,Walking,,False
2021-10-02T13:59:25.603Z,2021-10-02 08:59:25,2021-10-02T14:26:03.224Z,exercise,Functional Strength Training,,False
2021-10-01T20:18:12.900Z,2021-10-01 15:18:12,2021-10-01T20:44:35.254Z,exercise,Walking,,False
2021-10-01T19:38:12.841Z,2021-10-01 14:38:12,2021-10-01T19:55:18.453Z,exercise,Walking,,False
2021-10-01T15:11:29.520Z,2021-10-01 10:11:29,2021-10-01T15:24:40.606Z,exercise,Walking,,False
2021-09-30T18:19:48.663Z,2021-09-30 13:19:48,2021-09-30T19:04:50.960Z,exercise,Cycling,,False
2021-09-29T19:25:56.717Z,2021-09-29 14:25:56,2021-09-29T19:46:48.562Z,exercise,Walking,,False
2021-09-24T21:36:10.100Z,2021-09-24 16:36:10,2021-09-24T22:14:51.772Z,exercise,Walking,,False
2021-09-23T13:26:01.767Z,2021-09-23 08:26:01,2021-09-23T13:37:14.068Z,exercise,Walking,,False
2021-09-23T13:13:12.674Z,2021-09-23 08:13:12,2021-09-23T13:25:53.845Z,exercise,Functional Strength Training,,False
2021-09-22T20:28:03.355Z,2021-09-22 15:28:03,2021-09-22T20:41:18.595Z,exercise,Yoga,,False
2021-09-22T16:51:34.723Z,2021-09-22 11:51:34,2021-09-22T17:48:36.139Z,exercise,Cycling,,False
2021-09-22T16:23:23.699Z,2021-09-22 11:23:23,2021-09-22T16:34:31.334Z,exercise,Traditional Strength Training,,False
2021-09-21T21:09:14.889Z,2021-09-21 16:09:14,2021-09-21T22:03:34.347Z,exercise,Traditional Strength Training,,False
2021-09-21T15:58:28.473Z,2021-09-21 10:58:28,2021-09-21T16:09:44.935Z,exercise,Traditional Strength Training,,False
2021-09-20T21:36:59.719Z,2021-09-20 16:36:59,2021-09-20T21:58:07.107Z,exercise,Pilates,,False
2021-09-20T13:25:46.320Z,2021-09-20 08:25:46,2021-09-20T14:10:49.444Z,exercise,Cycling,,False
2021-09-18T21:17:37.394Z,2021-09-18 16:17:37,2021-09-18T21:30:43.209Z,exercise,Walking,,False
2021-09-18T16:43:13.122Z,2021-09-18 11:43:13,2021-09-18T17:45:10.467Z,exercise,Walking,,False
2021-09-18T15:09:11.658Z,2021-09-18 10:09:11,2021-09-18T15:51:33.515Z,exercise,Functional Strength Training,,False
2021-09-17T21:28:51.307Z,2021-09-17 16:28:51,2021-09-18T01:21:48.665Z,exercise,Functional Strength Training,,False
2021-09-17T13:36:09.685Z,2021-09-17 08:36:09,2021-09-17T13:58:13.278Z,exercise,Walking,,False
2021-09-16T22:04:25.542Z,2021-09-16 17:04:25,2021-09-16T22:24:52.326Z,exercise,Barre,,False
2021-09-16T12:53:33.977Z,2021-09-16 07:53:33,2021-09-16T13:13:56.091Z,exercise,Walking,,False
2021-09-15T22:38:18.458Z,2021-09-15 17:38:18,2021-09-15T23:03:41.383Z,exercise,Walking,,False
2021-09-15T18:05:32.123Z,2021-09-15 13:05:32,2021-09-15T18:56:15.350Z,exercise,Cycling,,False
2021-09-15T13:00:31.287Z,2021-09-15 08:00:31,2021-09-15T13:18:59.931Z,exercise,Walking,,False
2021-09-10T13:38:15.611Z,2021-09-10 08:38:15,2021-09-10T14:01:51.444Z,exercise,Walking,,False
2021-09-10T03:27:47.000Z,2021-09-09 22:27:47,2021-09-10T12:37:47.000Z,sleep,Sleep,,False
2021-09-09T19:22:55.443Z,2021-09-09 14:22:55,2021-09-09T19:46:08.722Z,exercise,Walking,,False
2021-09-09T15:35:20.791Z,2021-09-09 10:35:20,2021-09-09T16:20:20.879Z,exercise,Cycling,,False
2021-09-09T13:21:10.654Z,2021-09-09 08:21:10,2021-09-09T13:32:57.791Z,exercise,Walking,,False
2021-09-09T13:00:11.735Z,2021-09-09 08:00:11,2021-09-09T13:20:58.384Z,exercise,Functional Strength Training,,False
2021-09-09T12:46:55.069Z,2021-09-09 07:46:55,2021-09-09T12:58:42.955Z,exercise,Walking,,False
2021-09-09T05:38:54.000Z,2021-09-09 00:38:54,2021-09-09T12:26:54.000Z,sleep,Sleep,,False
2021-09-09T03:16:54.000Z,2021-09-08 22:16:54,2021-09-09T12:26:54.000Z,sleep,Sleep,,False
2021-09-04T20:21:50.631Z,2021-09-04 15:21:50,2021-09-04T20:36:59.449Z,exercise,Walking,,False
2021-09-04T04:08:21.000Z,2021-09-03 23:08:21,2021-09-04T14:41:51.000Z,sleep,Sleep,,False
2021-09-04T00:19:00.284Z,2021-09-03 19:19:00,2021-09-04T00:42:16.444Z,exercise,Walking,,False
2021-09-03T03:55:16.000Z,2021-09-02 22:55:16,2021-09-03T08:37:16.000Z,sleep,Sleep,,False
2021-09-02T13:18:44.383Z,2021-09-02 08:18:44,2021-09-02T13:39:19.244Z,exercise,Walking,,False
2021-09-02T03:36:10.000Z,2021-09-01 22:36:10,2021-09-02T13:01:10.000Z,sleep,Sleep,,False
2021-09-01T17:14:30.051Z,2021-09-01 12:14:30,2021-09-01T17:33:29.591Z,exercise,Walking,,False
2021-08-30T12:29:05.181Z,2021-08-30 07:29:05,2021-08-30T12:46:12.179Z,exercise,Walking,,False
2021-08-29T20:14:25.439Z,2021-08-29 15:14:25,2021-08-29T20:33:32.030Z,exercise,Yoga,,False
2021-08-29T17:22:00.219Z,2021-08-29 12:22:00,2021-08-29T17:35:29.962Z,exercise,Walking,,False
2021-08-28T21:17:44.294Z,2021-08-28 16:17:44,2021-08-28T21:47:05.006Z,exercise,Functional Strength Training,,False
2021-08-24T19:08:20.759Z,2021-08-24 14:08:20,2021-08-24T19:27:12.273Z,exercise,Walking,,False
2021-08-24T08:00:42.000Z,2021-08-24 03:00:42,2021-08-24T13:18:12.000Z,sleep,Sleep,,False
2021-08-23T23:34:14.172Z,2021-08-23 18:34:14,2021-08-23T23:51:49.595Z,exercise,Cycling,,False
2021-08-23T15:03:47.867Z,2021-08-23 10:03:47,2021-08-23T15:48:48.876Z,exercise,Cycling,,False
2021-08-23T13:35:25.752Z,2021-08-23 08:35:25,2021-08-23T13:49:18.981Z,exercise,Walking,,False
2021-08-23T03:04:47.000Z,2021-08-22 22:04:47,2021-08-23T12:46:17.000Z,sleep,Sleep,,False
2021-08-22T23:01:43.879Z,2021-08-22 18:01:43,2021-08-22T23:16:40.597Z,exercise,Walking,,False
2021-08-22T18:02:28.871Z,2021-08-22 13:02:28,2021-08-22T18:21:49.296Z,exercise,Walking,,False
2021-08-22T16:50:27.696Z,2021-08-22 11:50:27,2021-08-22T17:03:53.776Z,exercise,Walking,,False
2021-08-22T06:59:46.000Z,2021-08-22 01:59:46,2021-08-22T15:17:46.000Z,sleep,Sleep,,False
2021-08-21T16:47:10.053Z,2021-08-21 11:47:10,2021-08-21T17:16:47.364Z,exercise,Walking,,False
2021-08-21T13:27:23.434Z,2021-08-21 08:27:23,2021-08-21T14:07:09.584Z,exercise,Walking,,False
2021-08-21T01:38:43.216Z,2021-08-20 20:38:43,2021-08-21T01:54:14.867Z,exercise,Other,,False
2021-08-20T23:11:44.004Z,2021-08-20 18:11:44,2021-08-20T23:41:46.144Z,exercise,Cycling,,False
2021-08-20T22:37:02.303Z,2021-08-20 17:37:02,2021-08-20T23:08:57.128Z,exercise,Traditional Strength Training,,False
2021-08-20T20:13:46.718Z,2021-08-20 15:13:46,2021-08-20T20:26:54.109Z,exercise,Cycling,,False
2021-08-20T13:31:29.022Z,2021-08-20 08:31:29,2021-08-20T13:43:58.877Z,exercise,Walking,,False
2021-08-20T03:32:40.000Z,2021-08-19 22:32:40,2021-08-20T12:38:10.000Z,sleep,Sleep,,False
2021-08-19T13:41:10.686Z,2021-08-19 08:41:10,2021-08-19T14:04:12.898Z,exercise,Walking,,False
2021-08-19T03:27:01.000Z,2021-08-18 22:27:01,2021-08-19T13:11:01.000Z,sleep,Sleep,,False
2021-08-18T22:03:06.869Z,2021-08-18 17:03:06,2021-08-18T22:19:32.159Z,exercise,Cycling,,False
2021-08-18T19:08:52.570Z,2021-08-18 14:08:52,2021-08-18T19:32:42.419Z,exercise,Functional Strength Training,,False
2021-08-18T15:10:33.000Z,2021-08-18 10:10:33,2021-08-18T15:55:33.000Z,exercise,Cycling,,False
2021-08-18T15:10:29.828Z,2021-08-18 10:10:29,2021-08-18T15:57:23.715Z,exercise,Cycling,,False
2021-08-18T03:40:23.000Z,2021-08-17 22:40:23,2021-08-18T12:57:53.000Z,sleep,Sleep,,False
2021-08-17T18:29:15.019Z,2021-08-17 13:29:15,2021-08-17T18:40:51.945Z,exercise,Traditional Strength Training,,False
2021-08-17T14:54:57.867Z,2021-08-17 09:54:57,2021-08-17T15:15:58.041Z,exercise,Functional Strength Training,,False
2021-08-17T04:25:09.000Z,2021-08-16 23:25:09,2021-08-17T12:56:39.000Z,sleep,Sleep,,False
2021-08-17T01:42:10.000Z,2021-08-16 20:42:10,2021-08-17T02:12:10.000Z,exercise,Yoga,,False
2021-08-17T01:41:39.862Z,2021-08-16 20:41:39,2021-08-17T02:11:26.971Z,exercise,Yoga,,False
2021-08-16T22:39:10.232Z,2021-08-16 17:39:10,2021-08-16T22:53:06.545Z,exercise,Cycling,,False
2021-08-16T17:46:52.107Z,2021-08-16 12:46:52,2021-08-16T18:26:10.920Z,exercise,Functional Strength Training,,False
2021-08-16T15:11:27.000Z,2021-08-16 11:11:27,2021-08-16T15:58:25.000Z,exercise,Cycling,,False
2021-08-16T15:11:23.589Z,2021-08-16 11:11:23,2021-08-16T15:58:29.046Z,exercise,Cycling,,False
2021-08-16T13:21:42.349Z,2021-08-16 09:21:42,2021-08-16T13:33:42.673Z,exercise,Walking,,False
2021-08-16T04:03:23.000Z,2021-08-16 00:03:23,2021-08-16T12:46:53.000Z,sleep,Sleep,,False
2021-08-15T23:19:08.057Z,2021-08-15 19:19:08,2021-08-15T23:32:15.252Z,exercise,Walking,,False
2021-08-15T17:03:20.580Z,2021-08-15 13:03:20,2021-08-15T17:26:14.245Z,exercise,Cycling,,False
2021-08-15T17:03:15.000Z,2021-08-15 13:03:15,2021-08-15T17:26:14.245Z,exercise,Cycling,,False
2021-08-15T16:27:16.085Z,2021-08-15 12:27:16,2021-08-15T16:56:55.593Z,exercise,Functional Strength Training,,False
2021-08-15T15:15:39.265Z,2021-08-15 11:15:39,2021-08-15T16:20:26.491Z,exercise,Walking,,False
2021-08-15T04:17:23.000Z,2021-08-15 00:17:23,2021-08-15T13:18:53.000Z,sleep,Sleep,,False
2021-08-14T23:32:58.942Z,2021-08-14 19:32:58,2021-08-15T00:38:58.904Z,exercise,Functional Strength Training,,False
2021-08-14T20:12:47.717Z,2021-08-14 16:12:47,2021-08-14T21:03:08.931Z,exercise,Walking,,False
2021-08-11T02:50:49.000Z,2021-08-10 21:50:49,2021-08-11T10:39:19.000Z,sleep,Sleep,,False
2021-08-10T22:54:47.000Z,2021-08-10 17:54:47,2021-08-10T23:09:24.972Z,exercise,Functional Strength Training,,False
2021-08-10T04:09:06.000Z,2021-08-09 23:09:06,2021-08-10T12:58:06.000Z,sleep,Sleep,,False
2021-08-09T21:54:24.272Z,2021-08-09 16:54:24,2021-08-09T22:06:36.411Z,exercise,Functional Strength Training,,False
2021-08-09T18:39:20.355Z,2021-08-09 13:39:20,2021-08-09T19:16:50.612Z,exercise,Other,,False
2021-08-09T15:33:16.391Z,2021-08-09 10:33:16,2021-08-09T17:03:17.238Z,exercise,Cycling,,False
2021-08-09T15:33:14.000Z,2021-08-09 10:33:14,2021-08-09T17:03:15.000Z,exercise,Cycling,,False
2021-08-08T00:13:27.000Z,2021-08-07 19:13:27,2021-08-08T00:33:27.000Z,exercise,Yoga,,False
2021-08-08T00:13:24.530Z,2021-08-07 19:13:24,2021-08-08T00:33:37.370Z,exercise,Yoga,,False
2021-08-07T23:58:22.000Z,2021-08-07 18:58:22,2021-08-08T00:10:22.000Z,exercise,Preparation and Recovery,,False
2021-08-07T23:58:17.534Z,2021-08-07 18:58:17,2021-08-08T00:10:42.282Z,exercise,Other,,False
2021-08-07T17:56:39.000Z,2021-08-07 12:56:39,2021-08-07T18:16:39.000Z,exercise,Functional Strength Training,,False
2021-08-07T17:56:17.145Z,2021-08-07 12:56:17,2021-08-07T18:16:36.627Z,exercise,Barre,,False
2021-08-07T15:26:00.965Z,2021-08-07 10:26:00,2021-08-07T15:56:55.846Z,exercise,Walking,,False
2021-08-06T13:32:17.157Z,2021-08-06 08:32:17,2021-08-06T13:49:39.492Z,exercise,Walking,,False
2021-08-05T23:03:50.528Z,2021-08-05 18:03:50,2021-08-05T23:28:50.841Z,exercise,Walking,,False
2021-08-05T22:42:18.630Z,2021-08-05 17:42:18,2021-08-05T22:57:55.076Z,exercise,Cycling,,False
2021-08-05T03:28:25.000Z,2021-08-04 22:28:25,2021-08-05T12:57:55.000Z,sleep,Sleep,,False
2021-08-04T22:33:17.914Z,2021-08-04 17:33:17,2021-08-04T23:04:54.049Z,exercise,Walking,,False
2021-08-04T03:39:40.000Z,2021-08-03 22:39:40,2021-08-04T13:40:40.000Z,sleep,Sleep,,False
2021-08-03T23:55:50.579Z,2021-08-03 18:55:50,2021-08-04T00:18:08.812Z,exercise,Walking,,False
2021-08-03T16:00:41.463Z,2021-08-03 11:00:41,2021-08-03T16:20:42.143Z,exercise,Cycling,,False
2021-08-03T16:00:29.000Z,2021-08-03 11:00:29,2021-08-03T16:20:42.143Z,exercise,Cycling,,False
2021-08-03T12:45:17.122Z,2021-08-03 07:45:17,2021-08-03T13:14:03.969Z,exercise,Walking,,False
2021-08-02T23:35:01.119Z,2021-08-02 18:35:01,2021-08-02T23:46:42.072Z,exercise,Cycling,,False
2021-08-02T12:55:25.944Z,2021-08-02 07:55:25,2021-08-02T13:15:53.937Z,exercise,Walking,,False
2021-07-31T15:07:24.546Z,2021-07-31 10:07:24,2021-07-31T15:20:02.903Z,exercise,Walking,,False
2021-07-31T01:51:26.654Z,2021-07-30 20:51:26,2021-07-31T02:07:47.769Z,exercise,Yoga,,False
2021-07-29T21:16:05.232Z,2021-07-29 16:16:05,2021-07-29T21:40:02.074Z,exercise,Traditional Strength Training,,False
2021-07-29T20:11:29.280Z,2021-07-29 15:11:29,2021-07-29T20:36:03.224Z,exercise,Walking,,False
2021-07-29T00:58:36.565Z,2021-07-28 19:58:36,2021-07-29T01:31:24.148Z,exercise,Walking,,False
2021-07-28T19:04:41.992Z,2021-07-28 14:04:41,2021-07-28T19:22:05.319Z,exercise,Walking,,False
2021-07-27T22:48:35.318Z,2021-07-27 17:48:35,2021-07-27T23:00:59.852Z,exercise,Cycling,,False
2021-07-27T21:57:33.979Z,2021-07-27 16:57:33,2021-07-27T22:34:55.726Z,exercise,Traditional Strength Training,,False
2021-07-27T16:13:25.835Z,2021-07-27 11:13:25,2021-07-27T16:25:16.177Z,exercise,Cycling,,False
2021-07-27T15:56:36.125Z,2021-07-27 10:56:36,2021-07-27T16:13:21.331Z,exercise,Walking,,False
2021-07-27T13:22:08.912Z,2021-07-27 08:22:08,2021-07-27T13:37:03.401Z,exercise,Walking,,False
2021-07-27T00:03:17.948Z,2021-07-26 19:03:17,2021-07-27T00:17:51.530Z,exercise,Cycling,,False
2021-07-26T18:57:32.890Z,2021-07-26 13:57:32,2021-07-26T19:25:53.408Z,exercise,Walking,,False
2021-07-25T23:32:02.503Z,2021-07-25 18:32:02,2021-07-25T23:50:03.266Z,exercise,Walking,,False
2021-07-25T18:11:43.175Z,2021-07-25 13:11:43,2021-07-25T18:58:28.747Z,exercise,Functional Strength Training,,False
2021-07-25T14:29:02.535Z,2021-07-25 09:29:02,2021-07-25T15:17:30.823Z,exercise,Walking,,False
2021-07-24T19:29:28.218Z,2021-07-24 14:29:28,2021-07-24T20:05:48.600Z,exercise,Walking,,False
2021-07-24T04:22:34.121Z,2021-07-23 23:22:34,2021-07-24T04:41:14.100Z,exercise,Cycling,,False
2021-07-23T01:28:51.642Z,2021-07-22 20:28:51,2021-07-23T01:41:35.555Z,exercise,Cycling,,False
2021-07-22T13:54:37.556Z,2021-07-22 08:54:37,2021-07-22T14:07:26.427Z,exercise,Cycling,,False
2021-07-22T00:18:56.451Z,2021-07-21 19:18:56,2021-07-22T01:01:53.051Z,exercise,Walking,,False
2021-07-20T03:58:47.000Z,2021-07-19 22:58:47,2021-07-20T12:57:47.000Z,sleep,Sleep,,False
2021-07-19T22:39:19.812Z,2021-07-19 17:39:19,2021-07-19T23:00:28.827Z,exercise,Traditional Strength Training,,False
2021-07-19T17:38:32.372Z,2021-07-19 12:38:32,2021-07-19T17:50:20.810Z,exercise,Cycling,,False
2021-07-19T04:06:34.000Z,2021-07-18 23:06:34,2021-07-19T12:56:34.000Z,sleep,Sleep,,False
2021-07-18T20:48:09.737Z,2021-07-18 15:48:09,2021-07-18T21:17:52.445Z,exercise,Yoga,,False
2021-07-18T20:16:51.122Z,2021-07-18 15:16:51,2021-07-18T20:47:00.043Z,exercise,Functional Strength Training,,False
2021-07-18T04:55:01.000Z,2021-07-17 23:55:01,2021-07-18T12:36:01.000Z,sleep,Sleep,,False
2021-07-17T16:13:48.916Z,2021-07-17 11:13:48,2021-07-17T16:35:13.625Z,exercise,Yoga,,False
2021-07-17T15:18:07.467Z,2021-07-17 10:18:07,2021-07-17T16:09:21.084Z,exercise,Functional Strength Training,,False
2021-07-16T22:49:14.544Z,2021-07-16 17:49:14,2021-07-16T23:04:52.108Z,exercise,Cycling,,False
2021-07-16T04:25:11.000Z,2021-07-15 23:25:11,2021-07-16T12:10:11.000Z,sleep,Sleep,,False
2021-07-15T13:42:58.927Z,2021-07-15 08:42:58,2021-07-15T13:55:45.370Z,exercise,Walking,,False
2021-07-15T03:19:58.000Z,2021-07-14 22:19:58,2021-07-15T13:07:28.000Z,sleep,Sleep,,False
2021-07-14T21:41:18.124Z,2021-07-14 16:41:18,2021-07-14T22:12:57.771Z,exercise,Walking,,False
2021-07-14T18:24:42.392Z,2021-07-14 13:24:42,2021-07-14T18:56:51.188Z,exercise,Walking,,False
2021-07-14T14:28:01.484Z,2021-07-14 09:28:01,2021-07-14T14:45:08.883Z,exercise,Walking,,False
2021-07-14T03:38:57.000Z,2021-07-13 22:38:57,2021-07-14T12:35:57.000Z,sleep,Sleep,,False
2021-07-14T02:10:51.783Z,2021-07-13 21:10:51,2021-07-14T02:24:13.946Z,exercise,Cycling,,False
2021-07-13T23:06:58.211Z,2021-07-13 18:06:58,2021-07-13T23:22:28.578Z,exercise,Cycling,,False
2021-07-13T13:18:10.694Z,2021-07-13 08:18:10,2021-07-13T13:29:47.746Z,exercise,Walking,,False
2021-07-13T04:47:08.000Z,2021-07-12 23:47:08,2021-07-13T12:48:38.000Z,sleep,Sleep,,False
2021-07-12T22:16:37.223Z,2021-07-12 17:16:37,2021-07-12T22:58:14.310Z,exercise,Functional Strength Training,,False
2021-07-12T17:33:09.592Z,2021-07-12 12:33:09,2021-07-12T17:44:41.467Z,exercise,Traditional Strength Training,,False
2021-07-10T16:08:43.416Z,2021-07-10 11:08:43,2021-07-10T16:53:52.725Z,exercise,Traditional Strength Training,,False
2021-07-10T15:19:53.543Z,2021-07-10 10:19:53,2021-07-10T15:49:35.821Z,exercise,Walking,,False
2021-07-08T17:47:15.868Z,2021-07-08 12:47:15,2021-07-08T17:59:20.535Z,exercise,Cycling,,False
2021-07-08T16:08:03.855Z,2021-07-08 11:08:03,2021-07-08T16:20:44.036Z,exercise,Cycling,,False
2021-07-08T13:23:52.098Z,2021-07-08 08:23:52,2021-07-08T13:54:34.208Z,exercise,Walking,,False
2021-07-07T23:25:24.148Z,2021-07-07 18:25:24,2021-07-07T23:37:30.898Z,exercise,Cycling,,False
2021-07-07T22:17:57.012Z,2021-07-07 17:17:57,2021-07-07T23:05:53.979Z,exercise,Traditional Strength Training,,False
2021-07-07T17:12:07.630Z,2021-07-07 12:12:07,2021-07-07T17:26:01.151Z,exercise,Cycling,,False
2021-07-07T14:59:41.576Z,2021-07-07 09:59:41,2021-07-07T15:45:21.957Z,exercise,Cycling,,False
2021-07-07T14:59:33.000Z,2021-07-07 09:59:33,2021-07-07T15:45:04.000Z,exercise,Cycling,,False
2021-07-07T12:48:25.251Z,2021-07-07 07:48:25,2021-07-07T13:24:22.183Z,exercise,Walking,,False
2021-07-06T23:46:59.097Z,2021-07-06 18:46:59,2021-07-07T00:16:12.628Z,exercise,Walking,,False
2021-07-06T13:08:40.377Z,2021-07-06 08:08:40,2021-07-06T13:23:59.310Z,exercise,Walking,,False
2021-07-04T19:21:24.266Z,2021-07-04 14:21:24,2021-07-04T19:34:21.270Z,exercise,Walking,,False
2021-07-04T15:30:35.110Z,2021-07-04 10:30:35,2021-07-04T15:47:43.380Z,exercise,Walking,,False
2021-07-04T02:48:58.790Z,2021-07-03 21:48:58,2021-07-04T03:15:05.093Z,exercise,Walking,,False
2021-07-03T21:26:50.805Z,2021-07-03 16:26:50,2021-07-03T21:38:00.332Z,exercise,Walking,,False
2021-07-03T17:21:39.613Z,2021-07-03 12:21:39,2021-07-03T17:39:14.682Z,exercise,Walking,,False
2021-07-03T16:07:31.033Z,2021-07-03 11:07:31,2021-07-03T16:20:10.877Z,exercise,Walking,,False
2021-07-03T15:28:54.597Z,2021-07-03 10:28:54,2021-07-03T15:56:32.000Z,exercise,Cycling,,False
2021-07-02T19:17:00.665Z,2021-07-02 14:17:00,2021-07-02T19:48:38.365Z,exercise,Walking,,False
2021-07-02T16:06:47.000Z,2021-07-02 11:06:47,2021-07-02T16:36:47.000Z,exercise,Functional Strength Training,,False
2021-07-02T16:06:18.232Z,2021-07-02 11:06:18,2021-07-02T16:36:32.998Z,exercise,Traditional Strength Training,,False
2021-07-02T00:21:42.150Z,2021-07-01 19:21:42,2021-07-02T01:03:35.973Z,exercise,Walking,,False
2021-07-01T18:00:19.335Z,2021-07-01 13:00:19,2021-07-01T19:00:21.788Z,exercise,Cycling,,False
2021-07-01T18:00:13.000Z,2021-07-01 13:00:13,2021-07-01T19:00:35.000Z,exercise,Cycling,,False
2021-07-01T00:53:44.246Z,2021-06-30 19:53:44,2021-07-01T01:18:51.034Z,exercise,Walking,,False
2021-06-30T22:00:10.000Z,2021-06-30 17:00:10,2021-06-30T22:20:10.000Z,exercise,Functional Strength Training,,False
2021-06-30T21:59:45.066Z,2021-06-30 16:59:45,2021-06-30T22:19:50.647Z,exercise,Traditional Strength Training,,False
2021-06-30T15:18:37.000Z,2021-06-30 10:18:37,2021-06-30T16:03:37.000Z,exercise,Cycling,,False
2021-06-30T15:18:32.368Z,2021-06-30 10:18:32,2021-06-30T16:03:35.999Z,exercise,Cycling,,False
2021-06-30T14:53:08.402Z,2021-06-30 09:53:08,2021-06-30T15:12:27.154Z,exercise,Walking,,False
2021-05-20T16:40:49.384Z,2021-05-20 11:40:49,2021-05-20T18:55:10.694Z,exercise,Walking,,False
2021-05-19T20:39:34.738Z,2021-05-19 15:39:34,2021-05-19T21:32:59.436Z,exercise,Walking,,False
2021-05-19T15:02:57.186Z,2021-05-19 10:02:57,2021-05-19T15:37:03.115Z,exercise,Walking,,False
2021-05-09T06:19:59.000Z,2021-05-09 01:19:59,2021-05-09T14:50:59.000Z,sleep,Sleep,,False
2021-05-08T05:14:43.000Z,2021-05-08 00:14:43,2021-05-08T12:39:13.000Z,sleep,Sleep,,False
2021-05-07T10:36:01.000Z,2021-05-07 05:36:01,2021-05-07T13:07:31.000Z,sleep,Sleep,,False
2021-05-02T04:19:26.000Z,2021-05-01 23:19:26,2021-05-02T13:33:26.000Z,sleep,Sleep,,False
2021-05-01T22:23:41.453Z,2021-05-01 17:23:41,2021-05-01T22:38:56.388Z,exercise,Walking,,False
2021-05-01T17:32:21.789Z,2021-05-01 12:32:21,2021-05-01T17:47:09.558Z,exercise,Traditional Strength Training,,False
2021-05-01T17:04:30.713Z,2021-05-01 12:04:30,2021-05-01T17:25:37.441Z,exercise,Yoga,,False
2021-05-01T15:23:06.454Z,2021-05-01 10:23:06,2021-05-01T16:56:36.621Z,exercise,Walking,,False
2021-05-01T04:19:14.000Z,2021-04-30 23:19:14,2021-05-01T13:35:44.000Z,sleep,Sleep,,False
2021-05-01T01:03:17.942Z,2021-04-30 20:03:17,2021-05-01T01:25:06.309Z,exercise,Walking,,False
2021-04-30T18:23:34.365Z,2021-04-30 13:23:34,2021-04-30T18:59:19.142Z,exercise,Walking,,False
2021-04-30T15:20:15.628Z,2021-04-30 10:20:15,2021-04-30T15:38:10.444Z,exercise,Walking,,False
2021-04-29T22:52:59.698Z,2021-04-29 17:52:59,2021-04-29T23:26:54.016Z,exercise,Traditional Strength Training,,False
2021-04-29T16:58:45.896Z,2021-04-29 11:58:45,2021-04-29T17:46:04.736Z,exercise,Cycling,,False
2021-04-24T19:41:05.782Z,2021-04-24 14:41:05,2021-04-24T20:16:03.055Z,exercise,Walking,,False
2021-04-24T17:59:13.542Z,2021-04-24 12:59:13,2021-04-24T18:12:29.326Z,exercise,Walking,,False
2021-04-24T05:47:47.000Z,2021-04-24 00:47:47,2021-04-24T13:51:47.000Z,sleep,Sleep,,False
2021-04-23T03:57:55.000Z,2021-04-22 22:57:55,2021-04-23T13:01:55.000Z,sleep,Sleep,,False
2021-04-22T19:43:36.801Z,2021-04-22 14:43:36,2021-04-22T20:26:00.935Z,exercise,Functional Strength Training,,False
2021-04-22T19:43:35.746Z,2021-04-22 14:43:35,2021-04-22T20:25:55.728Z,exercise,Traditional Strength Training,,False
2021-04-22T13:27:51.246Z,2021-04-22 08:27:51,2021-04-22T13:58:16.963Z,exercise,Yoga,,False
2021-04-22T04:06:39.000Z,2021-04-21 23:06:39,2021-04-22T12:57:09.000Z,sleep,Sleep,,False
2021-04-21T20:30:35.381Z,2021-04-21 15:30:35,2021-04-21T21:15:42.258Z,exercise,Cycling,,False
2021-04-21T17:44:03.809Z,2021-04-21 12:44:03,2021-04-21T18:05:28.386Z,exercise,Yoga,,False
2021-04-07T03:34:32.000Z,2021-04-06 22:34:32,2021-04-07T12:21:32.000Z,sleep,Sleep,,False
2021-04-06T23:42:14.549Z,2021-04-06 18:42:14,2021-04-07T00:24:52.624Z,exercise,Yoga,,False
2021-04-06T18:39:42.039Z,2021-04-06 13:39:42,2021-04-06T19:03:43.435Z,exercise,Walking,,False
2021-04-06T15:02:50.652Z,2021-04-06 10:02:50,2021-04-06T15:51:09.864Z,exercise,Cycling,,False
2021-04-06T03:38:09.000Z,2021-04-05 22:38:09,2021-04-06T12:58:39.000Z,sleep,Sleep,,False
2021-04-05T23:22:49.750Z,2021-04-05 18:22:49,2021-04-06T00:02:27.874Z,exercise,Walking,,False
2021-04-05T22:46:19.339Z,2021-04-05 17:46:19,2021-04-05T23:19:50.302Z,exercise,Traditional Strength Training,,False
2021-04-04T21:38:10.966Z,2021-04-04 16:38:10,2021-04-04T22:08:03.275Z,exercise,Yoga,,False
2021-04-04T04:49:00.000Z,2021-04-03 23:49:00,2021-04-04T14:17:30.000Z,sleep,Sleep,,False
2021-04-03T03:58:22.000Z,2021-04-02 22:58:22,2021-04-03T14:28:22.000Z,sleep,Sleep,,False
2021-04-02T20:34:34.643Z,2021-04-02 15:34:34,2021-04-02T21:03:40.089Z,exercise,Walking,,False
2021-04-02T18:25:46.644Z,2021-04-02 13:25:46,2021-04-02T19:12:34.966Z,exercise,Walking,,False
2021-04-02T14:56:17.987Z,2021-04-02 09:56:17,2021-04-02T15:09:33.573Z,exercise,Walking,,False
2021-04-01T14:44:03.303Z,2021-04-01 09:44:03,2021-04-01T15:12:46.320Z,exercise,Walking,,False
2021-03-28T03:43:30.000Z,2021-03-27 22:43:30,2021-03-28T14:21:30.000Z,sleep,Sleep,,False
2021-03-27T06:45:16.000Z,2021-03-27 01:45:16,2021-03-27T14:42:16.000Z,sleep,Sleep,,False
2021-03-26T06:02:06.000Z,2021-03-26 01:02:06,2021-03-26T13:24:36.000Z,sleep,Sleep,,False
2021-03-25T17:43:45.187Z,2021-03-25 12:43:45,2021-03-25T18:02:37.686Z,exercise,Walking,,False
2021-03-25T16:02:11.007Z,2021-03-25 11:02:11,2021-03-25T16:47:51.466Z,exercise,Cycling,,False
2021-03-25T15:02:25.198Z,2021-03-25 10:02:25,2021-03-25T15:16:08.950Z,exercise,Yoga,,False
2021-03-25T03:58:04.000Z,2021-03-24 22:58:04,2021-03-25T13:11:04.000Z,sleep,Sleep,,False
2021-03-24T21:39:41.128Z,2021-03-24 16:39:41,2021-03-24T22:09:54.045Z,exercise,Cycling,,False
2021-03-24T16:50:00.177Z,2021-03-24 11:50:00,2021-03-24T17:03:41.082Z,exercise,Walking,,False
2021-03-06T16:44:09.951Z,2021-03-06 10:44:09,2021-03-06T17:17:54.581Z,exercise,Walking,,False
2021-03-06T05:33:31.000Z,2021-03-05 23:33:31,2021-03-06T12:59:31.000Z,sleep,Sleep,,False
2021-03-05T18:28:43.981Z,2021-03-05 12:28:43,2021-03-05T19:13:44.162Z,exercise,Cycling,,False
2021-03-05T14:08:46.101Z,2021-03-05 08:08:46,2021-03-05T14:29:11.462Z,exercise,Walking,,False
2021-03-05T04:59:32.000Z,2021-03-04 22:59:32,2021-03-05T13:48:32.000Z,sleep,Sleep,,False
2021-03-04T22:11:34.850Z,2021-03-04 16:11:34,2021-03-04T23:07:37.727Z,exercise,Traditional Strength Training,,False
2021-03-04T18:53:29.982Z,2021-03-04 12:53:29,2021-03-04T19:14:30.352Z,exercise,Yoga,,False
2021-03-04T13:59:57.461Z,2021-03-04 07:59:57,2021-03-04T14:16:56.729Z,exercise,Walking,,False
2021-03-04T04:13:48.000Z,2021-03-03 22:13:48,2021-03-04T13:54:48.000Z,sleep,Sleep,,False
2020-12-02T17:01:56.241Z,2020-12-02 12:01:56,2020-12-02T19:03:37.573Z,exercise,Walking,,False
2020-12-01T17:07:17.222Z,2020-12-01 12:07:17,2020-12-01T17:39:13.421Z,exercise,Functional Strength Training,,False
2020-11-30T17:55:30.865Z,2020-11-30 11:55:30,2020-11-30T18:10:33.675Z,exercise,Functional Strength Training,,False
2020-11-30T17:16:18.160Z,2020-11-30 11:16:18,2020-11-30T17:28:24.618Z,exercise,Yoga,,False
2020-11-28T17:01:27.432Z,2020-11-28 11:01:27,2020-11-28T18:04:19.902Z,exercise,Walking,,False
2020-11-27T21:45:13.349Z,2020-11-27 15:45:13,2020-11-27T22:29:26.888Z,exercise,Yoga,,False
